OD,GFP,Well,Replicate,Kan,Plasmid,Day,PCN,GFP/OD,log10(GFP/OD),tet,Selection
0.9749000072479248,8311,D4,1,1,pBR322,0,60.0,7475.4371581033265,3.873636594963101,10,True
0.9749000072479248,8311,D4,2,1,pBR322,0,60.0,7475.4371581033265,3.873636594963101,10,True
0.9749000072479248,8311,D4,3,1,pBR322,0,60.0,7475.4371581033265,3.873636594963101,10,True
0.9749000072479248,8311,D4,4,1,pBR322,0,60.0,7475.4371581033265,3.873636594963101,10,True
0.9749000072479248,8311,D4,5,1,pBR322,0,60.0,7475.4371581033265,3.873636594963101,10,True
0.7301999926567078,17170,D5,1,1,CloDF13,0,100.0,22973.72570438929,4.3612314314879566,10,True
0.7301999926567078,17170,D5,2,1,CloDF13,0,100.0,22973.72570438929,4.3612314314879566,10,True
0.7301999926567078,17170,D5,3,1,CloDF13,0,100.0,22973.72570438929,4.3612314314879566,10,True
0.7301999926567078,17170,D5,4,1,CloDF13,0,100.0,22973.72570438929,4.3612314314879566,10,True
0.7301999926567078,17170,D5,5,1,CloDF13,0,100.0,22973.72570438929,4.3612314314879566,10,True
0.7458000183105469,28952,C6,1,1,pUC,0,200.0,39171.912153587415,4.592974771892073,10,True
0.7458000183105469,28952,C6,2,1,pUC,0,200.0,39171.912153587415,4.592974771892073,10,True
0.7458000183105469,28952,C6,3,1,pUC,0,200.0,39171.912153587415,4.592974771892073,10,True
0.7458000183105469,28952,C6,4,1,pUC,0,200.0,39171.912153587415,4.592974771892073,10,True
0.7458000183105469,28952,C6,5,1,pUC,0,200.0,39171.912153587415,4.592974771892073,10,True
0.8691999912261963,7272,D9,1,0,pBR322,0,60.0,7175.130419839791,3.8558297994968984,10,True
0.8691999912261963,7272,D9,2,0,pBR322,0,60.0,7175.130419839791,3.8558297994968984,10,True
0.8691999912261963,7272,D9,3,0,pBR322,0,60.0,7175.130419839791,3.8558297994968984,10,True
0.8691999912261963,7272,D9,4,0,pBR322,0,60.0,7175.130419839791,3.8558297994968984,10,True
0.8691999912261963,7272,D9,5,0,pBR322,0,60.0,7175.130419839791,3.8558297994968984,10,True
0.9311000108718872,26415,C10,1,0,CloDF13,0,100.0,28172.344561373397,4.449822991383933,10,True
0.9311000108718872,26415,C10,2,0,CloDF13,0,100.0,28172.344561373397,4.449822991383933,10,True
0.9311000108718872,26415,C10,3,0,CloDF13,0,100.0,28172.344561373397,4.449822991383933,10,True
0.9311000108718872,26415,C10,4,0,CloDF13,0,100.0,28172.344561373397,4.449822991383933,10,True
0.9311000108718872,26415,C10,5,0,CloDF13,0,100.0,28172.344561373397,4.449822991383933,10,True
0.692300021648407,46047,C11,1,0,pUC,0,200.0,68617.23784395299,4.8364332317429835,10,True
0.692300021648407,46047,C11,2,0,pUC,0,200.0,68617.23784395299,4.8364332317429835,10,True
0.692300021648407,46047,C11,3,0,pUC,0,200.0,68617.23784395299,4.8364332317429835,10,True
0.692300021648407,46047,C11,4,0,pUC,0,200.0,68617.23784395299,4.8364332317429835,10,True
0.692300021648407,46047,C11,5,0,pUC,0,200.0,68617.23784395299,4.8364332317429835,10,True
1.0151000022888184,8443,B4,1,1,pBR322,1,60.0,6496.660329541984,3.8126901607684633,10,False
0.9312999844551086,7876,C4,2,1,pBR322,1,60.0,6471.185636503572,3.8109838584457214,10,False
0.993399977684021,8414,D4,3,1,pBR322,1,60.0,6614.722969651206,3.8205116602739104,10,False
0.9904999732971191,8700,E4,4,1,pBR322,1,60.0,6937.476400694634,3.841201518787954,10,False
1.0227999687194824,8964,F4,5,1,pBR322,1,60.0,6978.29977550586,3.843749622041238,10,False
0.9686999917030334,16173,B5,1,1,CloDF13,1,100.0,15190.958827461012,4.1815851866563,10,False
0.9929999709129333,16925,C5,2,1,CloDF13,1,100.0,15594.794057374422,4.19297964390006,10,False
0.7760999798774719,11959,D5,3,1,CloDF13,1,100.0,13429.071982322717,4.128046001731868,10,False
0.9402999877929688,15168,E5,4,1,CloDF13,1,100.0,14550.348662008024,4.162873400206593,10,False
0.887499988079071,14582,F5,5,1,CloDF13,1,100.0,14766.6637111152,4.169282384579266,10,False
0.9501000046730042,8302,B6,1,1,pUC,1,200.0,6807.415228661858,3.8329822418660444,10,False
0.9865000247955322,9536,C6,2,1,pUC,1,200.0,7854.836447438841,3.895137146637062,10,False
0.9079999923706055,8155,D6,3,1,pUC,1,200.0,6969.156319794133,3.8431802059551994,10,False
0.9289000034332275,8458,E6,4,1,pUC,1,200.0,7147.155952371317,3.8541332585969506,10,False
0.9373000264167786,8844,F6,5,1,pUC,1,200.0,7512.438703832027,3.8757809414905147,10,False
1.0673999786376953,8866,B9,1,0,pBR322,1,60.0,6578.056980911542,3.8180976311393806,10,False
1.0326000452041626,8636,C9,2,0,pBR322,1,60.0,6576.959381643873,3.81802515972722,10,False
1.0533000230789185,8863,D9,3,0,pBR322,1,60.0,6667.063197979085,3.823934571880251,10,False
0.8881000280380249,7242,E9,4,0,pBR322,1,60.0,6050.808660886639,3.781813419857738,10,False
1.01010000705719,8447,F9,5,0,pBR322,1,60.0,6534.460559973718,3.815209741037211,10,False
1.056399941444397,22803,B10,1,0,CloDF13,1,100.0,20428.688427396322,4.310240484741643,10,False
0.9516000151634216,21799,C10,2,0,CloDF13,1,100.0,21682.659069343743,4.336112541165659,10,False
0.9429000020027161,20515,D10,3,0,CloDF13,1,100.0,20462.826806962246,4.310965628489734,10,False
1.0198999643325806,22687,E10,4,0,CloDF13,1,100.0,21074.50639231464,4.323757411358253,10,False
1.0161999464035034,21614,F10,5,0,CloDF13,1,100.0,20050.039201821954,4.302115226089284,10,False
0.8693000078201294,29209,B11,1,0,pUC,1,200.0,32836.139240280274,4.516352088605471,10,False
0.8046000003814697,28000,C11,2,0,pUC,1,200.0,34041.281610125094,4.532005902344618,10,False
0.8436999917030334,30989,D11,3,0,pUC,1,200.0,36116.981697445604,4.5577114490911965,10,False
0.888700008392334,29203,E11,4,0,pUC,1,200.0,32074.04917476922,4.506153790712698,10,False
0.8938000202178955,29488,F11,5,0,pUC,1,200.0,32217.090391255995,4.508086315596514,10,False
0.913100004196167,7488,B4,1,1,pBR322,2,60.0,6532.775359939075,3.815097724527447,10,False
0.8205000162124634,6596,C4,2,1,pBR322,2,60.0,6163.445825040513,3.789823583007686,10,False
0.9517999887466431,7673,D4,3,1,pBR322,2,60.0,6458.13163100062,3.810106892653057,10,False
0.8848000168800354,7178,E4,4,1,pBR322,2,60.0,6384.096076571754,3.8050994142466488,10,False
0.8906999826431274,7621,F4,5,1,pBR322,2,60.0,6862.388928350844,3.836475328213019,10,False
0.6848999857902527,8238,B5,1,1,CloDF13,2,100.0,10024.935550813623,4.001081589270676,10,False
0.9702000021934509,12685,C5,2,1,CloDF13,2,100.0,11736.860250566973,4.069551933519481,10,False
0.8633999824523926,10842,D5,3,1,CloDF13,2,100.0,11018.094270300817,4.042106483856536,10,False
0.8792999982833862,11561,E5,4,1,CloDF13,2,100.0,11668.540563618822,4.067016540295323,10,False
0.9053000211715698,11807,F5,5,1,CloDF13,2,100.0,11601.9763797604,4.0645319769607315,10,False
0.9864000082015991,4491,B6,1,1,pUC,2,200.0,2847.4489773973937,3.4544559508254866,10,False
1.0226000547409058,4707,C6,2,1,pUC,2,200.0,2962.7510197757197,3.4716951562789498,10,False
0.8823000192642212,4002,D6,3,1,pUC,2,200.0,2617.929528725951,3.4179579517268164,10,False
0.930400013923645,4149,E6,4,1,pUC,2,200.0,2641.688042777572,3.421881530424808,10,False
0.7800999879837036,3748,F6,5,1,pUC,2,200.0,2636.3217334224278,3.420998409914233,10,False
1.0233999490737915,7571,B9,1,0,pBR322,2,60.0,5882.305237280306,3.769547556625837,10,False
0.9668999910354614,7212,C9,2,0,pBR322,2,60.0,5853.452627886657,3.7674121079503564,10,False
0.9465000033378601,7003,D9,3,0,pBR322,2,60.0,5754.26785484007,3.75999007395533,10,False
1.0836999416351318,7936,E9,4,0,pBR322,2,60.0,5892.201858514301,3.7702776167410637,10,False
1.0025999546051025,7456,F9,5,0,pBR322,2,60.0,5889.968592797322,3.7701129789957295,10,False
1.0694999694824219,16172,B10,1,0,CloDF13,2,100.0,13998.987032058843,4.146096611227998,10,False
0.8883000016212463,14582,C10,2,0,CloDF13,2,100.0,15119.163112841883,4.179527752439415,10,False
0.902899980545044,14135,D10,3,0,CloDF13,2,100.0,14342.414772633601,4.156622277840872,10,False
0.9902999997138977,15274,E10,4,0,CloDF13,2,100.0,14221.485448063226,4.152944961246352,10,False
0.7860000133514404,11451,F10,5,0,CloDF13,2,100.0,12986.159500525187,4.11348073272529,10,False
0.9955000281333923,6601,B11,1,0,pUC,2,200.0,5036.019427329267,3.7020873968062826,10,False
0.9595000147819519,5532,C11,2,0,pUC,2,200.0,4067.186105614077,3.6092940452327253,10,False
0.9061999917030334,6505,D11,3,0,pUC,2,200.0,5445.90716471152,3.736070233736014,10,False
1.0390000343322754,5814,E11,4,0,pUC,2,200.0,4025.6686983085965,3.604838030757099,10,False
0.8191999793052673,5292,F11,5,0,pUC,2,200.0,4493.272970731782,3.652562803209419,10,False
0.732200026512146,5683,B4,1,1,pBR322,3,60.0,5649.789428562367,3.7520322616747324,10,False
0.7554000020027161,5831,C4,2,1,pBR322,3,60.0,5673.543847783524,3.7538544156413467,10,False
0.8995000123977661,7347,D4,3,1,pBR322,3,60.0,6488.909552741339,3.812171720680699,10,False
1.027999997138977,8348,E4,4,1,pBR322,3,60.0,6658.613361550756,3.8233837979200307,10,False
0.9760000109672546,7961,F4,5,1,pBR322,3,60.0,6614.939375032785,3.820525868295345,10,False
0.8712999820709229,10413,B5,1,1,CloDF13,3,100.0,10410.912834373119,4.017488810351136,10,False
0.6863999962806702,7204,C5,2,1,CloDF13,3,100.0,8415.540070884186,3.9250819922403646,10,False
0.9229999780654907,10738,D5,3,1,CloDF13,3,100.0,10168.617461943037,4.007261909710864,10,False
0.9646000266075134,10668,E5,4,1,CloDF13,3,100.0,9633.720026699477,3.9837940207799196,10,False
0.9254999756813049,10196,F5,5,1,CloDF13,3,100.0,9525.71973321545,3.9788977995030357,10,False
0.9146999716758728,3615,B6,1,1,pUC,3,200.0,2094.975981202398,3.3211790481657713,10,False
0.7379000186920166,3171,C6,2,1,pUC,3,200.0,1989.0646961726102,3.298648909184675,10,False
0.8931000232696533,3693,D6,3,1,pUC,3,200.0,2239.9434827399277,3.3502370605467364,10,False
1.098099946975708,4268,E6,4,1,pUC,3,200.0,2349.6968591693203,3.3710118363644783,10,False
0.875,3456,F6,5,1,pUC,3,200.0,2003.8456928580354,3.301864275418532,10,False
0.9082000255584717,6175,B9,1,0,pBR322,3,60.0,5069.224399672778,3.704941516589857,10,False
0.9179999828338623,6406,C9,2,0,pBR322,3,60.0,5276.425657959712,3.722339823539673,10,False
1.0290000438690186,6967,D9,3,0,pBR322,3,60.0,5251.394151017499,3.7202746161137155,10,False
1.014799952507019,6960,E9,4,0,pBR322,3,60.0,5320.918052715055,3.725986570421112,10,False
1.0959999561309814,7217,F9,5,0,pBR322,3,60.0,5154.686381894715,3.7122022473584604,10,False
1.0592000484466553,11353,B10,1,0,CloDF13,3,100.0,9411.000244900712,3.9736357847189723,10,False
0.9573000073432922,10379,C10,2,0,CloDF13,3,100.0,9394.575607861487,3.9728771659876982,10,False
0.863099992275238,9187,D10,3,0,CloDF13,3,100.0,9020.239056697113,3.9552180474786005,10,False
1.111299991607666,12322,E10,4,0,CloDF13,3,100.0,9859.041639642563,3.9938347008597317,10,False
1.0015000104904175,10924,F10,5,0,CloDF13,3,100.0,9529.93939590236,3.979090138822075,10,False
0.9797000288963318,4270,B11,1,0,pUC,3,200.0,2648.8043603939445,3.423049882669061,10,False
1.0090999603271484,3987,C11,2,0,pUC,3,200.0,2275.305414442326,3.3570397002917995,10,False
0.9757000207901001,4426,D11,3,0,pUC,3,200.0,2827.401310749753,3.451387454996324,10,False
1.0938999652862549,4205,E11,4,0,pUC,3,200.0,2299.143749753027,3.361566125585426,10,False
0.9516000151634216,4099,F11,5,0,pUC,3,200.0,2542.533248321557,3.405266640834968,10,False
1.0410000085830688,7613,B4,1,1,pBR322,4,60.0,5873.012643712143,3.7688609358146077,10,False
0.9765999913215637,7317,C4,2,1,pBR322,4,60.0,5961.003436473091,3.7753193721970115,10,False
0.8698999881744385,6358,D4,3,1,pBR322,4,60.0,5570.831499456613,3.7459200225838556,10,False
0.8518999814987183,6599,E4,4,1,pBR322,4,60.0,5992.293958934888,3.777593110033851,10,False
1.0153000354766846,7874,F4,5,1,pBR322,4,60.0,6296.318901742841,3.799086716453892,10,False
1.0511000156402588,10494,B5,1,1,CloDF13,4,100.0,8669.692809877322,3.9380037095478713,10,False
1.0648000240325928,10653,C5,2,1,CloDF13,4,100.0,8709.02740934219,3.9399696573795984,10,False
0.8188999891281128,7443,D5,3,1,CloDF13,4,100.0,7333.470761190073,3.8653095647753535,10,False
1.0247000455856323,9443,E5,4,1,CloDF13,4,100.0,7832.9631793118715,3.893926085043914,10,False
1.0520999431610107,10176,F5,5,1,CloDF13,4,100.0,8346.238859353745,3.921490809541144,10,False
1.1139999628067017,3648,B6,1,1,pUC,4,200.0,1773.772266203454,3.2488978602082215,10,False
0.8321999907493591,2779,C6,2,1,pUC,4,200.0,1306.5161409101154,3.1161147794402253,10,False
1.0261000394821167,3233,D6,3,1,pUC,4,200.0,1510.4578940011363,3.1791086232485988,10,False
0.9175000190734863,3134,E6,4,1,pUC,4,200.0,1584.7556031094548,3.1999622959513276,10,False
1.093000054359436,3718,F6,5,1,pUC,4,200.0,1875.8325699976956,3.2731940722247623,10,False
0.8920999765396118,4767,B9,1,0,pBR322,4,60.0,3553.4273984450397,3.550647446617675,10,False
1.0742000341415405,5985,C9,2,0,pBR322,4,60.0,4106.623638048618,3.6134849026568086,10,False
1.125100016593933,6070,D9,3,0,pBR322,4,60.0,3992.095530116383,3.601200925327256,10,False
0.8432999849319458,4638,E9,4,0,pBR322,4,60.0,3608.857445693507,3.5573697272322873,10,False
1.0484000444412231,5862,F9,5,0,pBR322,4,60.0,4089.6802133381075,3.6116893503026164,10,False
1.1677000522613525,8241,B10,1,0,CloDF13,4,100.0,5769.8524245457365,3.7611647053524258,10,False
0.9520000219345093,6780,C10,2,0,CloDF13,4,100.0,5531.961529658796,3.7428791512791033,10,False
0.8806999921798706,5798,D10,3,0,CloDF13,4,100.0,4831.254367509968,3.684059903869825,10,False
1.0836999416351318,8211,E10,4,0,CloDF13,4,100.0,6206.38704385609,3.7928388556454373,10,False
0.8393999934196472,6609,F10,5,0,CloDF13,4,100.0,6098.790877985438,3.7852437420486296,10,False
1.063599944114685,3510,B11,1,0,pUC,4,200.0,1726.1905704771666,3.2370887398948023,10,False
1.0949000120162964,3220,C11,2,0,pUC,4,200.0,1399.395846129457,3.145940580448115,10,False
1.0329999923706055,3414,D11,3,0,pUC,4,200.0,1682.6127454289913,3.2259841742791733,10,False
1.1153000593185425,3427,E11,4,0,pUC,4,200.0,1565.6856579572343,3.194704573355438,10,False
1.1059000492095947,3581,F11,5,0,pUC,4,200.0,1724.293450455833,3.236611178581783,10,False
1.0600999593734741,7697,B4,1,1,pBR322,5,60.0,5568.629221013224,3.7457483019930584,10,False
1.0728000402450562,7868,C4,2,1,pBR322,5,60.0,5666.064028047923,3.7532814778566364,10,False
0.9855999946594238,7540,D4,3,1,pBR322,5,60.0,5842.374610667455,3.7665894003146576,10,False
0.9625999927520752,7370,E4,4,1,pBR322,5,60.0,5803.608399082436,3.763698100551492,10,False
0.968999981880188,7322,F4,5,1,pBR322,5,60.0,5711.599675750545,3.7567577602693056,10,False
1.0264999866485596,9559,B5,1,1,CloDF13,5,100.0,7653.426774531075,3.883855931368926,10,False
1.0583000183105469,9585,C5,2,1,CloDF13,5,100.0,7439.192523341472,3.8715257982221485,10,False
1.0857000350952148,9261,D5,3,1,CloDF13,5,100.0,6932.6728870156485,3.840900708821938,10,False
0.7366999983787537,5422,E5,4,1,CloDF13,5,100.0,4884.573226362398,3.688826624649966,10,False
0.7322999835014343,5632,F5,5,1,CloDF13,5,100.0,5220.712217872569,3.7177297541885785,10,False
1.0745999813079834,3030,B6,1,1,pUC,5,200.0,963.5492626063451,2.9838739233829417,10,False
1.096500039100647,3182,C6,2,1,pUC,5,200.0,1087.8732223155446,3.0365782868540134,10,False
1.0794999599456787,2969,D6,3,1,pUC,5,200.0,900.1042946623295,2.954292833852779,10,False
1.0299999713897705,3006,E6,4,1,pUC,5,200.0,982.7855683245085,2.992458770474864,10,False
1.079200029373169,3191,F6,5,1,pUC,5,200.0,1114.7376041693599,3.047172651713928,10,False
1.104699969291687,5716,B9,1,0,pBR322,5,60.0,3467.5991529267917,3.540028888188959,10,False
1.1093000173568726,5714,C9,2,0,pBR322,5,60.0,3450.754394185875,3.537914049686841,10,False
1.079300045967102,5394,D9,3,0,pBR322,5,60.0,3241.734757371193,3.5107774774703744,10,False
1.0679999589920044,5804,E9,4,0,pBR322,5,60.0,3677.736927394023,3.5655806604465754,10,False
1.1253000497817993,5471,F9,5,0,pBR322,5,60.0,3175.0608723607033,3.5017520560144297,10,False
1.1240999698638916,6013,B10,1,0,CloDF13,5,100.0,3680.2163055092183,3.56587334517578,10,False
1.0430999994277954,5841,C10,2,0,CloDF13,5,100.0,3806.3793223932353,3.5805120654574543,10,False
0.9300000071525574,4836,D10,3,0,CloDF13,5,100.0,3158.2391072370406,3.4994450069333918,10,False
1.1093000173568726,5902,E10,4,0,CloDF13,5,100.0,3627.167573635199,3.559567620268589,10,False
1.0729000568389893,5795,F10,5,0,CloDF13,5,100.0,3651.4843340005864,3.5624694417235476,10,False
1.1167000532150269,3433,B11,1,0,pUC,5,200.0,1301.3008645821105,3.1143777183307764,10,False
1.0233999490737915,3034,C11,2,0,pUC,5,200.0,1017.9836826998906,3.007740816733361,10,False
1.1031999588012695,3369,D11,3,0,pUC,5,200.0,1257.4794284404418,3.0995008890059945,10,False
1.0850000381469727,3368,E11,4,0,pUC,5,200.0,1278.4957961800765,3.106699304361731,10,False
1.0636999607086182,3383,F11,5,0,pUC,5,200.0,1319.896530556023,3.120539887289304,10,False
0.9075999855995178,8552,B4,1,1,pBR322,6,60.0,7540.983739075647,3.8774280043026965,10,True
0.8895000219345093,8622,C4,2,1,pBR322,6,60.0,7785.161690628094,3.891267636893649,10,True
0.819599986076355,8297,D4,3,1,pBR322,6,60.0,8067.70150383109,3.906749821415148,10,True
0.8730999827384949,8585,E4,4,1,pBR322,6,60.0,7894.508528587505,3.8973250982497896,10,True
0.8572999835014343,8289,F4,5,1,pBR322,6,60.0,7683.967414200973,3.8855855144584335,10,True
0.8546000123023987,12894,B5,1,1,CloDF13,6,100.0,13389.412212863144,4.126761512164126,10,True
0.7735000252723694,12532,C5,2,1,CloDF13,6,100.0,14381.492267276122,4.157803952098242,10,True
0.7753000259399414,11897,D5,3,1,CloDF13,6,100.0,13477.975092108749,4.129624649441106,10,True
0.9060999751091003,13926,E5,4,1,CloDF13,6,100.0,13786.56130852861,4.139455956461522,10,True
0.8011999726295471,11758,F5,5,1,CloDF13,6,100.0,12833.527465471569,4.108346044389777,10,True
0.8144000172615051,7177,B6,1,1,pUC,6,200.0,6668.656418812396,3.8240383423612654,10,True
0.8032000064849854,7330,C6,2,1,pUC,6,200.0,6968.499736928357,3.843139287982397,10,True
0.7799000144004822,7305,D6,3,1,pUC,6,200.0,7155.123091232492,3.8546171094281805,10,True
0.8169999718666077,7927,E6,4,1,pUC,6,200.0,7616.276346681773,3.881742693472748,10,True
0.7975999712944031,7383,F6,5,1,pUC,6,200.0,7090.586140229092,3.850682137432063,10,True
0.9591000080108643,9899,B9,1,0,pBR322,6,60.0,8588.379190487041,3.9339112109738767,10,True
0.9592000246047974,10398,C9,2,0,pBR322,6,60.0,9132.581478766628,3.960593555575538,10,True
0.9164000153541565,9494,D9,3,0,pBR322,6,60.0,8544.512555534953,3.9316872922785664,10,True
0.7620999813079834,9483,E9,4,0,pBR322,6,60.0,10364.7706983638,4.015559698563324,10,True
0.8752999901771545,8775,F9,5,0,pBR322,6,60.0,8102.133699628371,3.908599405538725,10,True
0.7254999876022339,17260,B10,1,0,CloDF13,6,100.0,22330.194369960343,4.34889250334165,10,True
0.8513000011444092,19788,C10,2,0,CloDF13,6,100.0,21982.017675123454,4.342067552735154,10,True
0.8485999703407288,19708,D10,3,0,CloDF13,6,100.0,21956.36049045838,4.341560352631149,10,True
0.8151999711990356,19707,E10,4,0,CloDF13,6,100.0,22905.77768816011,4.359945041361742,10,True
0.8671000003814697,20350,F10,5,0,CloDF13,6,100.0,22242.79086659093,4.347189278499804,10,True
0.8568999767303467,13574,B11,1,0,pUC,6,200.0,14187.883232715289,4.151917605540242,10,True
0.8087000250816345,13458,C11,2,0,pUC,6,200.0,14930.313569994032,4.174068928976736,10,True
0.8057000041007996,13641,D11,3,0,pUC,6,200.0,15229.307155386443,4.182680145920616,10,True
0.8285999894142151,12982,E11,4,0,pUC,6,200.0,13945.155408629182,4.144423358525627,10,True
0.8373000025749207,12937,F11,5,0,pUC,6,200.0,13735.537992241985,4.137845674494565,10,True
0.9266999959945679,9574,B4,1,1,pBR322,7,60.0,8636.188790691738,3.936322127624615,10,True
0.8944000005722046,8718,C4,2,1,pBR322,7,60.0,7958.421417910471,3.900826932376007,10,True
0.8507000207901001,8676,D4,3,1,pBR322,7,60.0,8337.006099324435,3.921010119225471,10,True
0.8737999796867371,8665,E4,4,1,pBR322,7,60.0,8091.959754613562,3.9080537141392124,10,True
0.9175000190734863,8791,F4,5,1,pBR322,7,60.0,7831.675071914523,3.893854660740709,10,True
0.878600001335144,13674,B5,1,1,CloDF13,7,100.0,14039.971255189315,4.147366218639553,10,True
0.9423999786376953,14497,C5,2,1,CloDF13,7,100.0,13959.084164756721,4.144856925791451,10,True
0.8949000239372253,13170,D5,3,1,CloDF13,7,100.0,13179.7155583066,4.119906037512098,10,True
0.9049999713897705,13354,E5,4,1,CloDF13,7,100.0,13238.747538711204,4.121846900303417,10,True
0.8824999928474426,12472,F5,5,1,CloDF13,7,100.0,12542.94233393723,4.098399425609755,10,True
0.7897999882698059,8069,B6,1,1,pUC,7,200.0,8204.07083019663,3.914029401212511,10,True
0.7982000112533569,8652,C6,2,1,pUC,7,200.0,8884.798596069124,3.948647587503482,10,True
0.8501999974250793,8530,D6,3,1,pUC,7,200.0,8161.298340896271,3.911759254027569,10,True
0.8569999933242798,7925,E6,4,1,pUC,7,200.0,7349.877209885357,3.8662800836400217,10,True
0.8837000131607056,8402,F6,5,1,pUC,7,200.0,7683.8347789298405,3.885578017906144,10,True
0.8427000045776367,8109,B9,1,0,pBR322,7,60.0,7711.391727485598,3.887132765213365,10,True
0.9186000227928162,9400,C9,2,0,pBR322,7,60.0,8517.359302891227,3.930304968247236,10,True
0.949400007724762,9376,D9,3,0,pBR322,7,60.0,8201.456240513327,3.913890972026223,10,True
0.9434000253677368,13153,E9,4,0,pBR322,7,60.0,12450.910355150507,4.095201106272279,10,True
0.9775999784469604,10019,F9,5,0,pBR322,7,60.0,8641.986075330105,3.936613562205231,10,True
0.8101999759674072,17606,B10,1,0,CloDF13,7,100.0,20416.841097577108,4.309988548719762,10,True
0.8572999835014343,18507,C10,2,0,CloDF13,7,100.0,20342.380369659644,4.308401770657601,10,True
0.8747000098228455,18340,D10,3,0,CloDF13,7,100.0,19716.003133034945,4.294818878495655,10,True
0.9034000039100647,19757,E10,4,0,CloDF13,7,100.0,20705.253275713683,4.316080547350935,10,True
0.8859999775886536,18512,F10,5,0,CloDF13,7,100.0,19655.75378401675,4.293489703356405,10,True
0.8375999927520752,14236,B11,1,0,pUC,7,200.0,15471.68400664046,4.189537586807838,10,True
0.9013000130653381,15237,C11,2,0,pUC,7,200.0,15489.68868363084,4.190042689267281,10,True
0.891700029373169,15044,D11,3,0,pUC,7,200.0,15437.492100968379,4.188576748384682,10,True
0.9291999936103821,14936,E11,4,0,pUC,7,200.0,14662.378800778633,4.166204435260289,10,True
0.8338000178337097,11417,F11,5,0,pUC,7,200.0,11981.284504264262,4.078503380925528,10,True
0.8877000212669373,6858,B4,1,1,pBR322,8,60.0,5906.886372484971,3.771358616654733,10,False
0.9438999891281128,7380,C4,2,1,pBR322,8,60.0,6117.6549646775275,3.7865849791602306,10,False
0.9420999884605408,7955,D4,3,1,pBR322,8,60.0,6768.909427600589,3.8305187029942243,10,False
0.9839000105857849,7800,E4,4,1,pBR322,8,60.0,6303.816758453189,3.7996035804413237,10,False
1.0368000268936157,8233,F4,5,1,pBR322,8,60.0,6403.8931651918065,3.806444078063831,10,False
0.8794000148773193,8871,B5,1,1,CloDF13,8,100.0,8370.12600251658,3.9227319958410214,10,False
0.9721999764442444,9586,C5,2,1,CloDF13,8,100.0,8303.725265961024,3.9192729718325485,10,False
0.9955999851226807,9586,D5,3,1,CloDF13,8,100.0,8099.903625367608,3.908479851567533,10,False
1.020400047302246,9876,E5,4,1,CloDF13,8,100.0,8191.01911444182,3.913337939397026,10,False
0.9678999781608582,9152,F5,5,1,CloDF13,8,100.0,7873.4255693242785,3.8961637262818725,10,False
0.9337000250816345,5030,B6,1,1,pUC,8,200.0,3551.412255184553,3.5504010890179525,10,False
0.8064000010490417,3799,C6,2,1,pUC,8,200.0,2532.063024758806,3.4034745113628233,10,False
0.7932000160217285,3736,D6,3,1,pUC,8,200.0,2492.675599505024,3.3966657624540297,10,False
1.0370999574661255,4822,E6,4,1,pUC,8,200.0,2973.2013105832616,3.4732243155673954,10,False
0.9799000024795532,4369,F6,5,1,pUC,8,200.0,2671.444715954677,3.4267461911319694,10,False
1.0032999515533447,8174,B9,1,0,pBR322,8,60.0,6565.732576877402,3.817283189884084,10,False
0.895799994468689,7214,C9,2,0,pBR322,8,60.0,6267.9258101500845,3.7971238473317923,10,False
0.9700999855995178,7669,D9,3,0,pBR322,8,60.0,6256.3860370538,3.796323538100035,10,False
1.1344000101089478,11862,E9,4,0,pBR322,8,60.0,9154.488436766145,3.961634080445796,10,False
1.0642999410629272,8496,F9,5,0,pBR322,8,60.0,6488.914488313469,3.812172051012152,10,False
0.7930999994277954,10829,B10,1,0,CloDF13,8,100.0,11940.012269497302,4.077004773072432,10,False
0.8956999778747559,12720,C10,2,0,CloDF13,8,100.0,12720.349051044539,4.1044990286758125,10,False
0.7861999869346619,10531,D10,3,0,CloDF13,8,100.0,11650.17765006376,4.0663325478387895,10,False
1.0528000593185425,14675,E10,4,0,CloDF13,8,100.0,12677.432662070556,4.103031312411089,10,False
0.9437000155448914,13944,F10,5,0,CloDF13,8,100.0,13400.856202094217,4.127132547018973,10,False
1.0233999490737915,10134,B11,1,0,pUC,8,200.0,8428.938797529325,3.9257729004387403,10,False
0.8242999911308289,6923,C11,2,0,pUC,8,200.0,6468.888340801012,3.8108296548671095,10,False
0.8999000191688538,8371,D11,3,0,pUC,8,200.0,7587.04304699727,3.8800725481500487,10,False
0.8474000096321106,6811,E11,4,0,pUC,8,200.0,6144.177195415083,3.788463732069241,10,False
1.0980000495910645,10913,F11,5,0,pUC,8,200.0,8571.211664822431,3.933042220073745,10,False
1.069000005722046,8223,B4,1,1,pBR322,9,60.0,6141.543588819402,3.788277538544316,10,False
0.8648999929428101,6371,C4,2,1,pBR322,9,60.0,5413.941554985187,3.733513563129273,10,False
1.0187000036239624,8351,D4,3,1,pBR322,9,60.0,6589.032941617471,3.818821678791569,10,False
0.7337999939918518,5060,E4,4,1,pBR322,9,60.0,4544.455417969862,3.657481847262932,10,False
0.9560999870300293,7360,F4,5,1,pBR322,9,60.0,5955.919459772056,3.7749488162774076,10,False
0.7177000045776367,5723,B5,1,1,CloDF13,9,100.0,5634.457609861347,3.750852115877846,10,False
0.9724000096321106,9433,C5,2,1,CloDF13,9,100.0,8080.380108444462,3.9074317908633436,10,False
0.9120000004768372,8482,D5,3,1,CloDF13,9,100.0,7548.063661225862,3.877835554397307,10,False
1.0270999670028687,9621,E5,4,1,CloDF13,9,100.0,7822.458078882154,3.8933432444089706,10,False
0.9769999980926514,8943,F5,5,1,CloDF13,9,100.0,7516.369263057704,3.876008107906532,10,False
0.9697999954223633,4018,B6,1,1,pUC,9,200.0,2264.631057181965,3.354997458939915,10,False
1.0628000497817993,4380,C6,2,1,pUC,9,200.0,2412.9820110073974,3.3825540842173876,10,False
0.9850999712944031,4039,D6,3,1,pUC,9,200.0,2250.1538716606087,3.3522122173683457,10,False
0.975600004196167,3802,E6,4,1,pUC,9,200.0,2019.115371377976,3.305161135051269,10,False
0.7127000093460083,3109,F6,5,1,pUC,9,200.0,1777.2009686897175,3.249736541287539,10,False
1.031499981880188,7943,B9,1,0,pBR322,9,60.0,6091.30807055149,3.784710564688938,10,False
1.0440000295639038,8197,C9,2,0,pBR322,9,60.0,6268.868123275264,3.7971891337827675,10,False
0.9779999852180481,7494,D9,3,0,pBR322,9,60.0,5959.729923481465,3.775226579304108,10,False
1.072700023651123,10736,E9,4,0,pBR322,9,60.0,8558.395744497562,3.9323923646061756,10,False
1.0982999801635742,8472,F9,5,0,pBR322,9,60.0,6206.9358606302285,3.7928772576266914,10,False
1.0549999475479126,11958,B10,1,0,CloDF13,9,100.0,9914.682358892376,3.99627880507788,10,False
1.0469000339508057,11890,C10,2,0,CloDF13,9,100.0,9926.934314981103,3.9968151482282988,10,False
1.0255000591278076,11794,D10,3,0,CloDF13,9,100.0,10045.362413133047,4.001965609693985,10,False
1.13100004196167,13144,E10,4,0,CloDF13,9,100.0,10311.937005270873,4.013340251286113,10,False
0.9959999918937683,11347,F10,5,0,CloDF13,9,100.0,9887.383704466958,3.9950813883585474,10,False
0.9473000168800354,6625,B11,1,0,pUC,9,200.0,5201.661824625274,3.71614211401264,10,False
1.065999984741211,8069,C11,2,0,pUC,9,200.0,6009.104503803843,3.778809756855758,10,False
1.0915000438690186,7394,D11,3,0,pUC,9,200.0,5219.695168503979,3.7176451408370776,10,False
1.05649995803833,8139,E11,4,0,pUC,9,200.0,6134.414269965432,3.787773101461407,10,False
1.0922000408172607,8904,F11,5,0,pUC,9,200.0,6654.4745455395805,3.8231137681529748,10,False
1.0825999975204468,8350,B4,1,1,pBR322,10,60.0,6108.810803543643,3.785956674771987,10,False
0.741100013256073,5456,C4,2,1,pBR322,10,60.0,4949.784702863919,3.6945863091574793,10,False
0.829200029373169,6470,D4,3,1,pBR322,10,60.0,5685.8996777736465,3.754799192713958,10,False
1.0470999479293823,8723,E4,4,1,pBR322,10,60.0,6696.909624588542,3.82587443813174,10,False
0.9864000082015991,7944,F4,5,1,pBR322,10,60.0,6301.602411956363,3.799450998688748,10,False
1.1054999828338623,9915,B5,1,1,CloDF13,10,100.0,7451.479303936705,3.8722424995618563,10,False
1.0729999542236328,10099,C5,2,1,CloDF13,10,100.0,7865.682151464132,3.8957363927914708,10,False
0.8932999968528748,8554,D5,3,1,CloDF13,10,100.0,7710.78665772025,3.887098687218178,10,False
0.9703999757766724,8826,E5,4,1,CloDF13,10,100.0,7362.625697473357,3.867032722294727,10,False
0.7922000288963318,6815,F5,5,1,CloDF13,10,100.0,6428.284746431898,3.8080951059670345,10,False
1.056399941444397,4001,B6,1,1,pUC,10,200.0,1970.7597716061223,3.2946336885999337,10,False
1.0644999742507935,4047,C6,2,1,pUC,10,200.0,2000.1960534321747,3.301072566039374,10,False
0.9182000160217285,3345,D6,3,1,pUC,10,200.0,1531.8613162606978,3.1852194491679926,10,False
0.9056000113487244,3392,E6,4,1,pUC,10,200.0,1608.8218025340157,3.206507943128252,10,False
1.0185999870300293,3828,F6,5,1,pUC,10,200.0,1869.6767835564967,3.271766535279624,10,False
1.0910999774932861,7383,B9,1,0,pBR322,10,60.0,5135.625710820185,3.7105933644282527,10,False
1.1485999822616577,7725,C9,2,0,pBR322,10,60.0,5177.908642390386,3.7141543835929145,10,False
1.0104000568389893,6902,D9,3,0,pBR322,10,60.0,5066.749162377026,3.7047294043711867,10,False
1.0497000217437744,9055,E9,4,0,pBR322,10,60.0,7009.745278991308,3.8457022368056872,10,False
1.138200044631958,7570,F9,5,0,pBR322,10,60.0,5085.458163452277,3.706330085851806,10,False
1.0774999856948853,9185,B10,1,0,CloDF13,10,100.0,6946.971264084261,3.841795502433381,10,False
1.0779999494552612,9468,C10,2,0,CloDF13,10,100.0,7217.332788390967,3.8583767309080987,10,False
0.9196000099182129,8200,D10,3,0,CloDF13,10,100.0,7074.814317359929,3.849715046033191,10,False
1.0255999565124512,9053,E10,4,0,CloDF13,10,100.0,7179.827119027713,3.8561139871174794,10,False
1.076200008392334,8634,F10,5,0,CloDF13,10,100.0,6421.858299254543,3.8076607184633118,10,False
1.0364999771118164,6083,B11,1,0,pUC,10,200.0,4108.222588617186,3.6136539661787235,10,False
1.0673999786376953,6041,C11,2,0,pUC,10,200.0,3943.125268280156,3.5958405742983452,10,False
1.0585999488830566,5177,D11,3,0,pUC,10,200.0,3125.6778334077135,3.494944212843875,10,False
1.0670000314712524,6019,E11,4,0,pUC,10,200.0,3923.159526166717,3.593635968064617,10,False
1.0479999780654907,6326,F11,5,0,pUC,10,200.0,4303.217549000117,3.633793302378635,10,False
1.0515999794006348,8270,B4,1,1,pBR322,11,60.0,6291.564289088874,3.7987586387134016,10,False
0.9628000259399414,7438,C4,2,1,pBR322,11,60.0,5994.256204314028,3.7777353014627955,10,False
1.0017000436782837,8446,D4,3,1,pBR322,11,60.0,6802.896847896716,3.8326938858174113,10,False
1.048799991607666,8345,E4,4,1,pBR322,11,60.0,6383.694147402803,3.805072071125061,10,False
0.7896000146865845,5906,F4,5,1,pBR322,11,60.0,5332.4039255695125,3.7269230394668225,10,False
1.0362999439239502,8956,B5,1,1,CloDF13,11,100.0,7079.514490422093,3.850003475011723,10,False
1.0533000230789185,10030,C5,2,1,CloDF13,11,100.0,8023.925818958355,3.904386904986693,10,False
1.055899977684021,9201,D5,3,1,CloDF13,11,100.0,7184.456586578737,3.8563939248188475,10,False
1.003499984741211,8716,E5,4,1,CloDF13,11,100.0,7071.397431938545,3.8495052464714483,10,False
0.7562999725341797,5943,F5,5,1,CloDF13,11,100.0,5633.4354973203945,3.750773326021852,10,False
1.0463000535964966,3370,B6,1,1,pUC,11,200.0,1438.4011674195367,3.157880026866668,10,False
0.8751000165939331,3006,C6,2,1,pUC,11,200.0,1296.8084589130008,3.1128758346961476,10,False
0.7750999927520752,2793,D6,3,1,pUC,11,200.0,1182.9191727150526,3.072955070880612,10,False
1.0765000581741333,3426,E6,4,1,pUC,11,200.0,1450.560432313391,3.1615358268122553,10,False
1.01010000705719,3295,F6,5,1,pUC,11,200.0,1414.6785468130506,3.1506577676305323,10,False
1.097599983215332,6573,B9,1,0,pBR322,11,60.0,4407.065946826025,3.6441495492910296,10,False
1.1456999778747559,6710,C9,2,0,pBR322,11,60.0,4339.037267300197,3.637393380231384,10,False
1.0851000547409058,6435,D9,3,0,pBR322,11,60.0,4327.463816877559,3.636233445306274,10,False
1.1262999773025513,8257,E9,4,0,pBR322,11,60.0,5845.508904574886,3.7668223264179193,10,False
1.1269999742507935,6481,F9,5,0,pBR322,11,60.0,4202.569597506593,3.6235149143929566,10,False
1.0774999856948853,7003,B10,1,0,CloDF13,11,100.0,4908.605649425621,3.6909581428845972,10,False
1.0540000200271606,7190,C10,2,0,CloDF13,11,100.0,5207.821921093694,3.7166561253280666,10,False
1.0758999586105347,7326,D10,3,0,CloDF13,11,100.0,5229.0825234409795,3.7184254957581775,10,False
1.0180000066757202,6333,E10,4,0,CloDF13,11,100.0,4520.770019970374,3.6552124142233477,10,False
1.0544999837875366,6061,F10,5,0,CloDF13,11,100.0,4088.5082450667396,3.6115648779064875,10,False
0.9836999773979187,4485,B11,1,0,pUC,11,200.0,2720.1174892287704,3.4345876627922025,10,False
1.0958000421524048,4855,C11,2,0,pUC,11,200.0,2781.9590624796915,3.4443507349047753,10,False
0.8939999938011169,3393,D11,3,0,pUC,11,200.0,1723.0270087376869,3.2362920851403136,10,False
1.1212999820709229,4695,E11,4,0,pUC,11,200.0,2567.6854697662243,3.4095418234813355,10,False
1.0403000116348267,4484,F11,5,0,pUC,11,200.0,2564.658169033855,3.409029488280058,10,False
1.020400047302246,7863,B4,1,1,pBR322,12,60.0,6268.8182196520775,3.797185676547105,10,False
0.9563000202178955,7113,C4,2,1,pBR322,12,60.0,5887.74804631981,3.769949217016567,10,False
0.8956000208854675,7146,D4,3,1,pBR322,12,60.0,6345.4322200764,3.802461209472651,10,False
1.0504000186920166,7905,E4,4,1,pBR322,12,60.0,6123.87858669944,3.787026571698142,10,False
0.7249000072479248,5098,F4,5,1,pBR322,12,60.0,4931.257824661064,3.692957709669729,10,False
0.9125000238418579,7121,B5,1,1,CloDF13,12,100.0,6193.410262945882,3.7919298494318348,10,False
0.9373000264167786,8765,C5,2,1,CloDF13,12,100.0,7859.298270962268,3.895383771147065,10,False
0.7572000026702881,5634,D5,3,1,CloDF13,12,100.0,5458.4639281975915,3.7370704446526335,10,False
1.0219999551773071,8120,E5,4,1,CloDF13,12,100.0,6520.993599109118,3.8143137739119597,10,False
1.0116000175476074,8388,F5,5,1,CloDF13,12,100.0,6867.569227180691,3.83680304593476,10,False
0.9634000062942505,2931,B6,1,1,pUC,12,200.0,1300.447447328591,3.1140928065154707,10,False
0.9560999870300293,3003,C6,2,1,pUC,12,200.0,1389.6613073335577,3.142908965520607,10,False
0.9800999760627747,2966,D6,3,1,pUC,12,200.0,1314.616123625076,3.1187989545520294,10,False
1.0082999467849731,2980,E6,4,1,pUC,12,200.0,1290.7235139439242,3.1108332219501182,10,False
0.9858999848365784,2934,F6,5,1,pUC,12,200.0,1272.6077847987303,3.1046945755753512,10,False
1.066100001335144,5445,B9,1,0,pBR322,12,60.0,3626.326377744213,3.5594668890243795,10,False
1.1009000539779663,5481,C9,2,0,pBR322,12,60.0,3541.0955798013174,3.549137649215067,10,False
1.1287000179290771,5635,D9,3,0,pBR322,12,60.0,3592.2508286904804,3.5553666536391844,10,False
1.1021000146865845,6761,E9,4,0,pBR322,12,60.0,4745.247512443644,3.6762588701848076,10,False
1.0925999879837036,5358,F9,5,0,pBR322,12,60.0,3451.9410652937136,3.5380633724324473,10,False
1.1289000511169434,5601,B10,1,0,CloDF13,12,100.0,3560.2892653945105,3.5514852848439635,10,False
1.0351999998092651,5602,C10,2,0,CloDF13,12,100.0,3897.396631041811,3.5907746054097003,10,False
0.8288999795913696,4359,D10,3,0,CloDF13,12,100.0,3339.0991117456174,3.5236293100532903,10,False
1.125,5076,E10,4,0,CloDF13,12,100.0,3088.066816489585,3.4896866885933595,10,False
1.0714000463485718,4531,F10,5,0,CloDF13,12,100.0,2719.195802252292,3.434440481135141,10,False
1.055799961090088,3892,B11,1,0,pUC,12,200.0,2130.364485909798,3.328453913615844,10,False
1.0507999658584595,3769,C11,2,0,pUC,12,200.0,2018.9256354145248,3.3051203225474493,10,False
1.0901000499725342,3455,D11,3,0,pUC,12,200.0,1643.4039654082676,3.2157443305582887,10,False
1.0750000476837158,3555,E11,4,0,pUC,12,200.0,1764.3069429105626,3.2465741431631403,10,False
1.0556999444961548,3651,F11,5,0,pUC,12,200.0,1892.6816819754058,3.2770775788945485,10,False
0.9379000067710876,8925,B4,1,1,pBR322,13,60.0,8138.3310399007405,3.9105353515135954,10,True
0.9775999784469604,9585,C4,2,1,pBR322,13,60.0,8498.23756265682,3.9293288673405624,10,True
0.8550000190734863,7726,D4,3,1,pBR322,13,60.0,7493.79207916074,3.874701639101273,10,True
0.9506000280380249,8519,E4,4,1,pBR322,13,60.0,7578.043985094141,3.879557121713352,10,True
0.8300999999046326,7744,F4,5,1,pBR322,13,60.0,7753.233578552134,3.889482867981918,10,True
0.9354000091552734,11021,B5,1,1,CloDF13,13,100.0,10505.873031520934,4.021432147843157,10,True
0.8425999879837036,11580,C5,2,1,CloDF13,13,100.0,12420.671761502908,4.094145084924652,10,True
0.8281999826431274,10722,D5,3,1,CloDF13,13,100.0,11557.391889623577,4.062859839643365,10,True
0.8986999988555908,11482,E5,4,1,CloDF13,13,100.0,11493.467116338818,4.06045105761424,10,True
0.9610000252723694,12048,F5,5,1,CloDF13,13,100.0,11330.287887595186,4.054240944850651,10,True
0.8212000131607056,7460,B6,1,1,pUC,13,200.0,7477.491215752725,3.8737559115124682,10,True
0.8101000189781189,6420,C6,2,1,pUC,13,200.0,6232.370389232522,3.7946532555149344,10,True
0.8094000220298767,7254,D6,3,1,pUC,13,200.0,7324.130535220053,3.864756075965619,10,True
0.8220000267028809,7182,E6,4,1,pUC,13,200.0,7113.644855104651,3.8520921794724248,10,True
0.7854999899864197,7303,F6,5,1,pUC,13,200.0,7625.268918917326,3.8822551644702914,10,True
0.8737000226974487,10071,B9,1,0,pBR322,13,60.0,10143.234521590459,4.006176466918455,10,True
0.8136000037193298,8335,C9,2,0,pBR322,13,60.0,8684.367267094329,3.9387381817445757,10,True
0.8191999793052673,8957,D9,3,0,pBR322,13,60.0,9421.628126701447,3.9741259585618676,10,True
0.8970000147819519,13689,E9,4,0,pBR322,13,60.0,14096.083916273616,4.149098476501152,10,True
0.8694999814033508,9739,F9,5,0,pBR322,13,60.0,9793.720025669987,3.9909476846276193,10,True
0.9071000218391418,15603,B10,1,0,CloDF13,13,100.0,16142.790718590604,4.207978616440292,10,True
0.8169000148773193,15873,C10,2,0,CloDF13,13,100.0,18368.84153350345,4.26408176754851,10,True
0.8543999791145325,16095,D10,3,0,CloDF13,13,100.0,17794.563132066447,4.250287330262774,10,True
0.8381999731063843,16535,E10,4,0,CloDF13,13,100.0,18708.673906704156,4.272043005276003,10,True
0.7156000137329102,12503,F10,5,0,CloDF13,13,100.0,16129.950715096733,4.207633040408538,10,True
0.8587999939918518,13274,B11,1,0,pUC,13,200.0,14247.155370519058,4.153728160470077,10,True
0.7843000292778015,10996,C11,2,0,pUC,13,200.0,12609.315602718903,4.1006915149609595,10,True
0.840499997138977,13697,D11,3,0,pUC,13,200.0,15102.878650637524,4.17905973291804,10,True
0.8511999845504761,14461,E11,4,0,pUC,13,200.0,15846.857161182636,4.199943143342663,10,True
0.7161999940872192,9800,F11,5,0,pUC,13,200.0,12109.382052048997,4.083121981439281,10,True
0.8848999738693237,8750,B4,1,1,pBR322,14,60.0,8431.307739684571,3.925894941182388,10,True
0.7871999740600586,6858,C4,2,1,pBR322,14,60.0,6999.437283870826,3.8450631265381,10,True
0.9402999877929688,10031,D4,3,1,pBR322,14,60.0,9336.49196126334,3.9701837276166696,10,True
0.9128000140190125,9230,E4,4,1,pBR322,14,60.0,8712.112378591048,3.940123468800887,10,True
0.8508999943733215,9308,F4,5,1,pBR322,14,60.0,9474.412234733034,3.9765522770960646,10,True
0.9014000296592712,12172,B5,1,1,CloDF13,14,100.0,12247.459644780707,4.08804601713609,10,True
0.8626999855041504,13282,C5,2,1,CloDF13,14,100.0,14175.471301335854,4.151537507082885,10,True
0.8883000016212463,12967,D5,3,1,CloDF13,14,100.0,13375.277368305568,4.126302796919475,10,True
0.887499988079071,12364,E5,4,1,CloDF13,14,100.0,12675.45742742757,4.102963640953939,10,True
0.8458999991416931,11678,F5,5,1,CloDF13,14,100.0,12478.254396252922,4.096153835418614,10,True
0.8199999928474426,9484,B6,1,1,pUC,14,200.0,10076.265400488986,4.003299597933846,10,True
0.7476999759674072,7634,C6,2,1,pUC,14,200.0,8489.01749620799,3.9288574286813045,10,True
0.7469000220298767,7618,D6,3,1,pUC,14,200.0,8475.968900739594,3.9281893545675484,10,True
0.7846999764442444,8027,E6,4,1,pUC,14,200.0,8595.13717863913,3.9342528124309353,10,True
0.7649000287055969,8546,F6,5,1,pUC,14,200.0,9547.363385388697,3.9798834527069085,10,True
0.919700026512146,11162,B9,1,0,pBR322,14,60.0,10842.742339872693,4.035139137594449,10,True
0.9039999842643738,10772,C9,2,0,pBR322,14,60.0,10588.044600803387,4.024815762043931,10,True
0.9117000102996826,11037,D9,3,0,pBR322,14,60.0,10798.796046646463,4.033375338871753,10,True
0.9083999991416931,14647,E9,4,0,pBR322,14,60.0,15002.42143017356,4.176161360981782,10,True
0.8727999925613403,9698,F9,5,0,pBR322,14,60.0,9693.865365592184,3.9864969836778044,10,True
0.8999000191688538,16366,B10,1,0,CloDF13,14,100.0,17152.638301015297,4.2343309297110645,10,True
0.8551999926567078,17717,C10,2,0,CloDF13,14,100.0,19754.072354195418,4.295656640146885,10,True
0.8665000200271606,16433,D10,3,0,CloDF13,14,100.0,17927.934037217536,4.253530245617303,10,True
0.8174999952316284,17148,E10,4,0,CloDF13,14,100.0,19980.42157094648,4.300604647253541,10,True
0.7922999858856201,15384,F10,5,0,CloDF13,14,100.0,18302.359356523863,4.262507078226176,10,True
0.760200023651123,10520,B11,1,0,pUC,14,200.0,12355.018642443934,4.091843405044,10,True
0.8414000272750854,14118,C11,2,0,pUC,14,200.0,15597.43029903001,4.1930530535545705,10,True
0.817300021648407,13070,D11,3,0,pUC,14,200.0,14731.4982449528,4.168246918358329,10,True
0.758400022983551,10845,E11,4,0,pUC,14,200.0,12839.137414673774,4.108535847048163,10,True
0.785099983215332,12896,F11,5,0,pUC,14,200.0,15135.222660715257,4.179988814430924,10,True
1.0499999523162842,7790,B4,1,1,pBR322,15,60.0,5960.611934830892,3.7752908480419154,10,False
0.7547000050544739,5331,C4,2,1,pBR322,15,60.0,4980.648386546651,3.6972858833961944,10,False
1.0635000467300415,8828,D4,3,1,pBR322,15,60.0,6897.604197255868,3.838698269782097,10,False
0.991100013256073,7585,E4,4,1,pBR322,15,60.0,6114.4577493094475,3.786357948383798,10,False
1.0139000415802002,8146,F4,5,1,pBR322,15,60.0,6548.0497481633065,3.816111970262008,10,False
1.073099970817566,8770,B5,1,1,CloDF13,15,100.0,6777.183381124132,3.8310492372016003,10,False
1.0467000007629395,9704,C5,2,1,CloDF13,15,100.0,7884.431707738985,3.8967703958148934,10,False
0.9296000003814697,7989,D5,3,1,CloDF13,15,100.0,6992.860522248365,3.8446548660034336,10,False
0.9696999788284302,8885,E5,4,1,CloDF13,15,100.0,7656.122232115907,3.884008858456051,10,False
1.0078999996185303,8675,F5,5,1,CloDF13,15,100.0,7136.145382928277,3.853463689232466,10,False
1.0369999408721924,5862,B6,1,1,pUC,15,200.0,4101.585506268277,3.612951769772983,10,False
1.0223000049591064,5614,C6,2,1,pUC,15,200.0,3910.1884152880434,3.5921976846972496,10,False
0.949400007724762,4873,D6,3,1,pUC,15,200.0,3407.9442790924736,3.532492485308132,10,False
1.0017999410629272,5457,E6,4,1,pUC,15,200.0,3830.1641579319335,3.583217387899745,10,False
0.9291999936103821,5172,F6,5,1,pUC,15,200.0,3822.356443534482,3.582331183567271,10,False
1.152899980545044,9790,B9,1,0,pBR322,15,60.0,7208.3649569745785,3.8578367667040467,10,False
1.1023999452590942,9158,C9,2,0,pBR322,15,60.0,6955.751573668869,3.8423440626763607,10,False
0.8439000248908997,6742,D9,3,0,pBR322,15,60.0,6185.561682683675,3.7913791420596294,10,False
1.0671000480651855,12049,E9,4,0,pBR322,15,60.0,10014.236215645527,4.000617831315084,10,False
1.0140000581741333,8377,F9,5,0,pBR322,15,60.0,6784.927920876969,3.831545238328598,10,False
0.9333000183105469,9378,B10,1,0,CloDF13,15,100.0,8521.508823841104,3.9305164980358698,10,False
1.092900037765503,12792,C10,2,0,CloDF13,15,100.0,10475.211743182737,4.02016281044181,10,False
0.9758999943733215,10867,D10,3,0,CloDF13,15,100.0,9726.646180948881,3.9879631181520034,10,False
0.9585999846458435,11618,E10,4,0,CloDF13,15,100.0,10729.100968695091,4.030563332339416,10,False
0.996999979019165,10921,F10,5,0,CloDF13,15,100.0,9568.357586951612,3.9808373973234707,10,False
1.0098999738693237,8941,B11,1,0,pUC,15,200.0,7396.10892794683,3.8690032987091296,10,False
1.1080000400543213,10398,C11,2,0,pUC,15,200.0,8081.993661485966,3.9075185055000037,10,False
0.9711999893188477,8824,D11,3,0,pUC,15,200.0,7578.150303222974,3.8795632147174137,10,False
1.0006999969482422,9094,E11,4,0,pUC,15,200.0,7626.574388229199,3.8823295106471316,10,False
1.01419997215271,9911,F11,5,0,pUC,15,200.0,8360.716659300451,3.92224350564952,10,False
1.0191999673843384,7695,B4,1,1,pBR322,16,60.0,5908.319733579818,3.771463989478792,10,False
0.9429000020027161,7014,C4,2,1,pBR322,16,60.0,5653.080224400734,3.7522851486950968,10,False
0.9187999963760376,7588,D4,3,1,pBR322,16,60.0,6462.211520096467,3.8103811691733127,10,False
0.9955999851226807,7177,E4,4,1,pBR322,16,60.0,5511.7434746185845,3.7412889966081835,10,False
0.9293000102043152,7343,F4,5,1,pBR322,16,60.0,6110.010291898165,3.786041941782786,10,False
0.9315000176429749,7774,B5,1,1,CloDF13,16,100.0,6578.923601545697,3.818154843135325,10,False
1.0020999908447266,9201,C5,2,1,CloDF13,16,100.0,7580.430427128011,3.8796938661623077,10,False
1.0433000326156616,8783,D5,3,1,CloDF13,16,100.0,6851.777728278546,3.835803266005698,10,False
0.9185000061988831,8078,E5,4,1,CloDF13,16,100.0,7022.838083562839,3.846512655569097,10,False
0.8784000277519226,7389,F5,5,1,CloDF13,16,100.0,6536.339324260548,3.8153345898567803,10,False
0.9380000233650208,4439,B6,1,1,pUC,16,200.0,2813.217615009771,3.4492033280921404,10,False
0.7730000019073486,3409,C6,2,1,pUC,16,200.0,2040.2196748405117,3.3096769313644816,10,False
0.8995000123977661,4036,D6,3,1,pUC,16,200.0,2469.9468492816604,3.3926876077892025,10,False
0.8913999795913696,4025,E6,4,1,pUC,16,200.0,2480.5381740224598,3.3945459149600845,10,False
0.9559999704360962,4223,F6,5,1,pUC,16,200.0,2521.8038387562096,3.4017113014840805,10,False
1.0164999961853027,8185,B9,1,0,pBR322,16,60.0,6426.989819558489,3.8080076119824287,10,False
1.0705000162124634,8612,C9,2,0,pBR322,16,60.0,6504.643022949434,3.813223467320774,10,False
0.9983000159263611,8790,D9,3,0,pBR322,16,60.0,7181.179896000503,3.856195806390411,10,False
0.9562000036239624,11028,E9,4,0,pBR322,16,60.0,9956.948328356153,3.9981262533602617,10,False
1.000100016593933,7713,F9,5,0,pBR322,16,60.0,6044.751119908871,3.7813784243902835,10,False
1.0289000272750854,9376,B10,1,0,CloDF13,16,100.0,7551.929181178959,3.8780579086778038,10,False
1.0757999420166016,10625,C10,2,0,CloDF13,16,100.0,8416.668754843957,3.9251402354835836,10,False
1.0550999641418457,10021,D10,3,0,CloDF13,16,100.0,7992.8608121764855,3.9027022502237214,10,False
1.0025999546051025,9843,E10,4,0,CloDF13,16,100.0,8244.140248577361,3.916145371348945,10,False
1.131100058555603,9615,F10,5,0,CloDF13,16,100.0,7063.15095363705,3.8489984880904755,10,False
1.090999960899353,8211,B11,1,0,pUC,16,200.0,5995.733479485198,3.777842319479534,10,False
0.9505000114440918,7553,C11,2,0,pUC,16,200.0,6198.486974495263,3.7922856929145903,10,False
0.9282000064849854,7223,D11,3,0,pUC,16,200.0,5982.325982943461,3.776870074482035,10,False
0.968999981880188,7416,E11,4,0,pUC,16,200.0,5927.283035953759,3.772855665895679,10,False
1.080899953842163,8426,F11,5,0,pUC,16,200.0,6260.72267331481,3.796624466583938,10,False
0.9915000200271606,7879,B4,1,1,pBR322,17,60.0,6564.0302112854815,3.8171705712482678,10,False
0.6969000101089478,5472,C4,2,1,pBR322,17,60.0,5843.709003089321,3.7666885814068327,10,False
0.9115999937057495,7900,D4,3,1,pBR322,17,60.0,7189.794471778735,3.8567164757725694,10,False
1.051300048828125,7901,E4,4,1,pBR322,17,60.0,6197.670210304845,3.792228462891424,10,False
0.9818000197410583,8073,F4,5,1,pBR322,17,60.0,6837.601249552866,3.834903770317215,10,False
0.9822999835014343,8658,B5,1,1,CloDF13,17,100.0,7454.74237875889,3.872432639684835,10,False
0.9682999849319458,9249,C5,2,1,CloDF13,17,100.0,8203.752906683705,3.9140125711405207,10,False
0.9937999844551086,8626,D5,3,1,CloDF13,17,100.0,7331.320620904566,3.8651822129373796,10,False
0.9732999801635742,8433,E5,4,1,CloDF13,17,100.0,7285.564447946198,3.8624632043053433,10,False
0.9750999808311462,8818,F5,5,1,CloDF13,17,100.0,7683.226915864222,3.8855436597991053,10,False
0.8774999976158142,3923,B6,1,1,pUC,17,200.0,2734.305984482961,3.436847112988494,10,False
0.916100025177002,4065,C6,2,1,pUC,17,200.0,2775.913545246888,3.443405936059872,10,False
0.8474000096321106,3783,D6,3,1,pUC,17,200.0,2662.852298900523,3.4253470779855295,10,False
0.9803000092506409,3848,E6,4,1,pUC,17,200.0,2355.643440075181,3.3721095544823196,10,False
0.9435999989509583,4153,F6,5,1,pUC,17,200.0,2788.819054188449,3.445420337028049,10,False
0.9291999936103821,7662,B9,1,0,pBR322,17,60.0,6779.86690719667,3.831221168492815,10,False
1.0484999418258667,8143,C9,2,0,pBR322,17,60.0,6454.818036664223,3.8098840038779613,10,False
1.0649000406265259,8666,D9,3,0,pBR322,17,60.0,6861.79215315347,3.8364375589393873,10,False
1.0181000232696533,11193,E9,4,0,pBR322,17,60.0,9773.456595357597,3.990048188569966,10,False
1.044700026512146,7726,F9,5,0,pBR322,17,60.0,6064.212901476126,3.782774440037121,10,False
1.0491000413894653,8854,B10,1,0,CloDF13,17,100.0,7155.512102641103,3.854640720610481,10,False
0.7864000201225281,6582,C10,2,0,CloDF13,17,100.0,6630.050190895521,3.8215168161191713,10,False
1.0313999652862549,8675,D10,3,0,CloDF13,17,100.0,7102.715381519258,3.851424412065804,10,False
0.98089998960495,8547,E10,4,0,CloDF13,17,100.0,7347.871449217984,3.8661615497318063,10,False
1.0570000410079956,7943,F10,5,0,CloDF13,17,100.0,6204.231471954562,3.792687992416437,10,False
1.0382000207901,7132,B11,1,0,pUC,17,200.0,5508.674806068301,3.741047135397714,10,False
0.9828000068664551,6178,C11,2,0,pUC,17,200.0,4820.549769680871,3.683096571085976,10,False
0.8324000239372253,5240,D11,3,0,pUC,17,200.0,4551.786658317143,3.6581818985348815,10,False
0.8601999878883362,4836,E11,4,0,pUC,17,200.0,3905.008103629174,3.5916219394573092,10,False
1.1059000492095947,6592,F11,5,0,pUC,17,200.0,4652.2446678210845,3.6676625467895203,10,False
0.9496999979019165,7111,B4,1,1,pBR322,18,60.0,5586.159757639477,3.747113351857134,10,False
0.8353000283241272,6295,C4,2,1,pBR322,18,60.0,5362.892853116186,3.7293991201468755,10,False
0.7526000142097473,5858,D4,3,1,pBR322,18,60.0,5372.066044219804,3.730141343249081,10,False
0.9911999702453613,7326,E4,4,1,pBR322,18,60.0,5568.419225003893,3.7457319242052582,10,False
0.9772999882698059,7553,F4,5,1,pBR322,18,60.0,5894.148936972344,3.770421105672036,10,False
1.021399974822998,8310,B5,1,1,CloDF13,18,100.0,6402.076552933733,3.8063208629224405,10,False
0.7139999866485596,5835,C5,2,1,CloDF13,18,100.0,5646.73292068669,3.751797246951501,10,False
1.003000020980835,8016,D5,3,1,CloDF13,18,100.0,6218.574769030009,3.793690860435041,10,False
0.9661999940872192,8073,E5,4,1,CloDF13,18,100.0,6528.123750350612,3.81478837852537,10,False
0.9927999973297119,8275,F5,5,1,CloDF13,18,100.0,6557.967213782837,3.8167692411060226,10,False
0.975600004196167,3611,B6,1,1,pUC,18,200.0,1678.9948668078216,3.2250493683712556,10,False
0.9419000148773193,3477,C6,2,1,pUC,18,200.0,1592.8907988585347,3.202186003623635,10,False
0.8371999859809875,3141,D6,3,1,pUC,18,200.0,1379.8746485195672,3.1398396357281295,10,False
0.9775000214576721,3526,E6,4,1,pUC,18,200.0,1584.6456316021947,3.199932157754708,10,False
0.8751000165939331,3238,F6,5,1,pUC,18,200.0,1433.5832073025979,3.1564229051120427,10,False
1.0491000413894653,7562,B9,1,0,pBR322,18,60.0,5482.550052506667,3.73898260522475,10,False
1.0194000005722046,6716,C9,2,0,pBR322,18,60.0,4783.02716876846,3.6797028477782385,10,False
1.000499963760376,7009,D9,3,0,pBR322,18,60.0,5183.352319918707,3.7146107294639314,10,False
0.9343000054359436,9405,E9,4,0,pBR322,18,60.0,8255.787810407799,3.916758522224845,10,False
1.0370999574661255,6376,F9,5,0,pBR322,18,60.0,4355.941932079243,3.639082081656361,10,False
0.9807000160217285,7079,B10,1,0,CloDF13,18,100.0,5367.408638105853,3.7297646607833355,10,False
1.0184999704360962,7041,C10,2,0,CloDF13,18,100.0,5120.526531608622,3.709314620744382,10,False
0.9848999977111816,6721,D10,3,0,CloDF13,18,100.0,4963.486612661261,3.6957868548535555,10,False
1.068600058555603,7330,E10,4,0,CloDF13,18,100.0,5152.170648189224,3.7119902391226343,10,False
1.0424000024795532,6154,F10,5,0,CloDF13,18,100.0,4110.762076215742,3.6139223412958423,10,False
0.909600019454956,4524,B11,1,0,pUC,18,200.0,2860.109298520942,3.4563826299253817,10,False
0.9521999955177307,4542,C11,2,0,pUC,18,200.0,2745.925985994968,3.4386888270350515,10,False
0.9610000252723694,4830,D11,3,0,pUC,18,200.0,3033.2599170085573,3.481909626164973,10,False
1.0702999830245972,5260,E11,4,0,pUC,18,200.0,3129.087561017446,3.4954177161454405,10,False
0.9059000015258789,4059,F11,5,0,pUC,18,200.0,2333.6268359367355,3.368031410385286,10,False
0.736299991607666,5254,B4,1,1,pBR322,19,60.0,4116.134676627724,3.614489576090247,10,False
0.9824000000953674,7062,C4,2,1,pBR322,19,60.0,4963.341860657804,3.695774189177601,10,False
1.0055999755859375,8329,D4,3,1,pBR322,19,60.0,6161.189843532837,3.7896645908301725,10,False
1.0161000490188599,7134,E4,4,1,pBR322,19,60.0,4865.342828897661,3.6871134475751335,10,False
0.9812999963760376,7546,F4,5,1,pBR322,19,60.0,5485.543606805289,3.739219671789977,10,False
0.9786999821662903,7945,B5,1,1,CloDF13,19,100.0,5927.677445935246,3.7728845635168717,10,False
0.8087999820709229,6508,C5,2,1,CloDF13,19,100.0,5365.5859033975175,3.729617152344688,10,False
0.9872000217437744,7402,D5,3,1,CloDF13,19,100.0,5298.5579807822405,3.724157691072338,10,False
1.006600022315979,7922,E5,4,1,CloDF13,19,100.0,5731.975768740281,3.7583043457998655,10,False
0.9919000267982483,8244,F5,5,1,CloDF13,19,100.0,6160.565289617921,3.789620564582905,10,False
1.0199999809265137,3398,B6,1,1,pUC,19,200.0,1018.0328073086171,3.0077617738784572,10,False
0.972599983215332,3201,C6,2,1,pUC,19,200.0,857.8505436499648,2.9334116308300797,10,False
0.8492000102996826,2903,D6,3,1,pUC,19,200.0,619.2250297266548,2.79184850266914,10,False
0.98089998960495,3195,E6,4,1,pUC,19,200.0,843.8467383918828,2.9262635761105047,10,False
1.069200038909912,3369,F6,5,1,pUC,19,200.0,940.8895472754215,2.9735386438052913,10,False
0.9121000170707703,6042,B9,1,0,pBR322,19,60.0,4190.300576651668,3.6222451766892605,10,False
1.0712000131607056,6218,C9,2,0,pBR322,19,60.0,3712.616776694219,3.5696801228441384,10,False
0.8090000152587891,4890,D9,3,0,pBR322,19,60.0,3249.1502641412408,3.5117697967184283,10,False
1.0245000123977661,9695,E9,4,0,pBR322,19,60.0,7435.593994474666,3.871315667978136,10,False
1.0649000406265259,5890,F9,5,0,pBR322,19,60.0,3414.242201019679,3.533294326045084,10,False
1.0124000310897827,6092,B10,1,0,CloDF13,19,100.0,3807.9304869284556,3.5806890118188077,10,False
0.942799985408783,5279,C10,2,0,CloDF13,19,100.0,3198.264406193744,3.5049143647898866,10,False
1.0271999835968018,5616,D10,3,0,CloDF13,19,100.0,3266.476866594379,3.5140795868344235,10,False
1.0282000303268433,5968,E10,4,0,CloDF13,19,100.0,3620.808668996898,3.5588055764065576,10,False
1.083799958229065,5301,F10,5,0,CloDF13,19,100.0,2785.7281378859675,3.4449387309045365,10,False
1.003499984741211,4228,B11,1,0,pUC,19,200.0,1900.5732464443477,3.2788846115942745,10,False
1.0844999551773071,4138,C11,2,0,pUC,19,200.0,1666.122129288038,3.2217068326841343,10,False
0.9954000115394592,4119,D11,3,0,pUC,19,200.0,1802.1862309405128,3.255799667270578,10,False
1.0295000076293945,4141,E11,4,0,pUC,19,200.0,1762.1511795521346,3.246043164932311,10,False
1.0368000268936157,3854,F11,5,0,pUC,19,200.0,1460.1127734408126,3.164386400299238,10,False
0.9014999866485596,9701,B4,1,1,pBR322,20,60.0,8822.160822524278,3.9455749704338015,10,True
0.8496999740600586,9023,C4,2,1,pBR322,20,60.0,8548.543117202333,3.9318921065326204,10,True
0.8899000287055969,10833,D4,3,1,pBR322,20,60.0,10277.8494938873,4.011902253702061,10,True
0.8784999847412109,8785,E4,4,1,pBR322,20,60.0,7969.732610081039,3.901443750766959,10,True
0.8738999962806702,9044,F4,5,1,pBR322,20,60.0,8325.119632203647,3.920390483047138,10,True
0.8666999936103821,11985,B5,1,1,CloDF13,20,100.0,11963.77048582879,4.077868072890359,10,True
0.8891000151634216,12537,C5,2,1,CloDF13,20,100.0,12299.029448941246,4.0898708413906295,10,True
0.8914999961853027,11230,D5,3,1,CloDF13,20,100.0,10725.804594923235,4.0304298806263406,10,True
0.9104999899864197,11312,E5,4,1,CloDF13,20,100.0,10585.580515261036,4.024714679801004,10,True
0.777400016784668,9253,F5,5,1,CloDF13,20,100.0,9701.67495965179,3.986846720136022,10,True
0.7530999779701233,8379,B6,1,1,pUC,20,200.0,8804.17384701717,3.944688609534971,10,True
0.6611999869346619,5764,C6,2,1,pUC,20,200.0,5887.862660669571,3.769957671164872,10,True
0.7699999809265137,8642,D6,3,1,pUC,20,200.0,8961.046325000209,3.952358722457142,10,True
0.7610999941825867,7978,E6,4,1,pUC,20,200.0,8148.622025396287,3.9110841734805923,10,True
0.8077999949455261,8980,F6,5,1,pUC,20,200.0,8960.096156930693,3.9523126703987677,10,True
0.9146000146865845,11686,B9,1,0,pBR322,20,60.0,10964.429585518037,4.039986042825606,10,True
0.9049999713897705,10537,C9,2,0,pBR322,20,60.0,9755.052227281923,3.989229598892979,10,True
0.8683000206947327,11298,D9,3,0,pBR322,20,60.0,11109.228361887139,4.045683894241256,10,True
0.8928999900817871,13296,E9,4,0,pBR322,20,60.0,13136.06144233509,4.118465171139912,10,True
0.9204999804496765,10061,F9,5,0,pBR322,20,60.0,9041.136626962909,3.956223032221792,10,True
0.9176999926567078,13784,B10,1,0,CloDF13,20,100.0,13321.305514404163,4.12454678864197,10,True
0.8980000019073486,15410,C10,2,0,CloDF13,20,100.0,15527.311764224596,4.191096273048545,10,True
0.886900007724762,13878,D10,3,0,CloDF13,20,100.0,13918.147898726867,4.1435814471367,10,True
0.8450000286102295,13966,E10,4,0,CloDF13,20,100.0,14753.934512022735,4.168907851432902,10,True
0.9240999817848206,14109,F10,5,0,CloDF13,20,100.0,13593.080736421705,4.133317896408766,10,True
0.7354999780654907,9947,B11,1,0,pUC,20,200.0,11288.462441938318,4.052634792371756,10,True
0.8269000053405762,13114,C11,2,0,pUC,20,200.0,14008.713937632081,4.146398266946963,10,True
0.8463000059127808,14737,D11,3,0,pUC,20,200.0,15688.639007657146,4.195585270094174,10,True
0.8414999842643738,11016,E11,4,0,pUC,20,200.0,11128.899329082631,4.046452213845637,10,True
0.7465999722480774,9650,F11,5,0,pUC,20,200.0,10689.146644127532,4.02894303518636,10,True
0.873199999332428,8366,B4,1,1,pBR322,21,60.0,7678.421202150599,3.885271931791865,10,True
0.8679999709129333,8024,C4,2,1,pBR322,21,60.0,7313.0792869518555,3.864100281984211,10,True
0.861299991607666,8807,D4,3,1,pBR322,21,60.0,8327.561910049693,3.9205178700744736,10,True
0.8098999857902527,7183,E4,4,1,pBR322,21,60.0,6771.776588746085,3.8307026216348783,10,True
0.8956999778747559,9116,F4,5,1,pBR322,21,60.0,8353.929912263011,3.9218908273038795,10,True
0.8361999988555908,10806,B5,1,1,CloDF13,21,100.0,11104.87788703708,4.045513787262921,10,True
0.9296000003814697,11230,C5,2,1,CloDF13,21,100.0,10414.668738611614,4.017645460814634,10,True
0.8399999737739563,9807,D5,3,1,CloDF13,21,100.0,9801.45747665951,3.9912906600809412,10,True
1.007699966430664,9961,E5,4,1,CloDF13,21,100.0,8260.150106608668,3.9169879395576106,10,True
0.6977999806404114,7693,F5,5,1,CloDF13,21,100.0,8704.578252978228,3.939747733886267,10,True
0.7896000146865845,7526,B6,1,1,pUC,21,200.0,7413.751495797206,3.870038024664579,10,True
0.7777000069618225,6332,C6,2,1,pUC,21,200.0,5912.398796399644,3.771763719912236,10,True
0.7414000034332275,6202,D6,3,1,pUC,21,200.0,6033.246668228151,3.780551081732846,10,True
0.6772000193595886,5201,E6,4,1,pUC,21,200.0,5068.393925002325,3.704870361698048,10,True
0.7351999878883362,6329,F6,5,1,pUC,21,200.0,6270.136420837442,3.7972769899810177,10,True
0.9266999959945679,11152,B9,1,0,pBR322,21,60.0,10360.692074944376,4.015388766441126,10,True
0.9215999841690063,10293,C9,2,0,pBR322,21,60.0,9445.037770398389,3.975203698990812,10,True
0.9172000288963318,11016,D9,3,0,pBR322,21,60.0,10317.800628455543,4.013587131717348,10,True
0.9677000045776367,12855,E9,4,0,pBR322,21,60.0,11740.275387028418,4.069678284106155,10,True
1.016800045967102,10450,F9,5,0,pBR322,21,60.0,8684.32340947411,3.938735988473614,10,True
0.9096999764442444,13932,B10,1,0,CloDF13,21,100.0,13764.335110856286,4.138755237548431,10,True
0.886900007724762,15899,C10,2,0,CloDF13,21,100.0,16461.239985240183,4.216462546457313,10,True
0.697700023651123,9661,D10,3,0,CloDF13,21,100.0,11703.527277941314,4.068316771701696,10,True
0.8348000049591064,13570,E10,4,0,CloDF13,21,100.0,14607.242678102308,4.164568244496968,10,True
0.932699978351593,14193,F10,5,0,CloDF13,21,100.0,13701.99244307428,4.136783723661248,10,True
0.6191999912261963,8559,B11,1,0,pUC,21,200.0,11386.457397796145,4.0563886255803085,10,True
0.8531000018119812,12772,C11,2,0,pUC,21,200.0,13295.152209513159,4.123693313715218,10,True
0.8446999788284302,12877,D11,3,0,pUC,21,200.0,13564.815179895211,4.132413880891683,10,True
0.8841000199317932,11686,E11,4,0,pUC,21,200.0,11517.818743962021,4.061370239750712,10,True
0.833299994468689,10518,F11,5,0,pUC,21,200.0,10781.952310931878,4.032697406592512,10,True
