Day,ExpRep,PCN,log(transposon copy),log(plasmid copy),transposon copy,plasmid copy,T/P,Kan
0,1,pBR322,1.4283260241620475,1.5644064308653407,26.89071703989615,36.7276423744406,0.7039308997638317,Kan
0,1,CloDF,2.0550406892923516,2.161157603006881,113.9079312654838,145.76171258157254,0.7772093380276003,Kan
0,1,pUC,2.913500098684304,3.7239777195632207,828.6609275651095,5299.968329650456,0.1557947967254336,Kan
0,2,pBR322,1.4283260241620475,1.5644064308653407,26.89071703989615,36.7276423744406,0.7039308997638317,Kan
0,2,CloDF,2.0550406892923516,2.161157603006881,113.9079312654838,145.76171258157254,0.7772093380276003,Kan
0,2,pUC,2.913500098684304,3.7239777195632207,828.6609275651095,5299.968329650456,0.1557947967254336,Kan
0,3,pBR322,1.4283260241620475,1.5644064308653407,26.89071703989615,36.7276423744406,0.7039308997638317,Kan
0,3,CloDF,2.0550406892923516,2.161157603006881,113.9079312654838,145.76171258157254,0.7772093380276003,Kan
0,3,pUC,2.913500098684304,3.7239777195632207,828.6609275651095,5299.968329650456,0.1557947967254336,Kan
0,4,pBR322,1.4283260241620475,1.5644064308653407,26.89071703989615,36.7276423744406,0.7039308997638317,Kan
0,4,CloDF,2.0550406892923516,2.161157603006881,113.9079312654838,145.76171258157254,0.7772093380276003,Kan
0,4,pUC,2.913500098684304,3.7239777195632207,828.6609275651095,5299.968329650456,0.1557947967254336,Kan
0,5,pBR322,1.4283260241620475,1.5644064308653407,26.89071703989615,36.7276423744406,0.7039308997638317,Kan
0,5,CloDF,2.0550406892923516,2.161157603006881,113.9079312654838,145.76171258157254,0.7772093380276003,Kan
0,5,pUC,2.913500098684304,3.7239777195632207,828.6609275651095,5299.968329650456,0.1557947967254336,Kan
1,1,pBR322,1.2811184999015333,1.467212738324024,19.123751544177697,29.35337223891882,0.6173541301515922,Kan
1,1,CloDF,1.7588898863408726,1.9088937992370996,57.43366047710446,81.16342758617336,0.6962661104739141,Kan
1,1,pUC,1.6201001479812096,3.183747748874392,42.10541376409758,1532.8461078486223,0.02669473618756761,Kan
1,2,pBR322,1.2180816572438267,1.4317963550813733,16.544344314717254,27.044682089608198,0.5744571236334995,Kan
1,2,CloDF,1.7496904474820691,1.921420993572695,56.23348148678959,83.4824168231595,0.6619278286653423,Kan
1,2,pUC,1.7000878941301156,3.2532850046439123,50.3094853867786,1796.9290724086368,0.027419208559071855,Kan
1,3,pBR322,1.280676002480781,1.5180217265861187,19.136875131635854,33.06721871062077,0.5491220920731352,Kan
1,3,CloDF,1.72731733281531,1.9087141168296464,53.41313075133869,81.06931001670804,0.6468889169666142,Kan
1,3,pUC,1.7023005854613142,3.1851181319870068,50.4364932711809,1535.2604884172633,0.03225807163113102,Kan
1,4,pBR322,1.2152517771915108,1.4453677232113353,16.41549231278159,27.89813545103597,0.553126461498079,Kan
1,4,CloDF,1.7308689264435861,1.926900762481938,53.919265311440284,85.04366115756113,0.6258818610639129,Kan
1,4,pUC,1.721227860869319,3.1682842165096705,52.632279530097954,1473.2928268412422,0.03504782848234716,Kan
1,5,pBR322,1.2140946628582288,1.4478783606849923,16.375207223781214,28.068075839671263,0.5482175407323082,Kan
1,5,CloDF,1.735658611073527,1.9197533260366513,54.41834298305562,83.23538098255011,0.6437572334814838,Kan
1,5,pUC,1.7418830111330177,3.205893819583968,55.25998810835924,1607.7964356831897,0.03379662270975978,Kan
2,1,pBR322,1.32903645233896,1.3517349846617412,21.548272423152593,22.70125434340586,0.9041216600095061,Kan
2,1,CloDF,1.7778099985894544,1.757948461052985,60.073136868387515,57.306689415070444,1.0302908530455321,Kan
2,1,pUC,1.0739282214280177,1.8705632481993681,11.934788961130636,74.89633166936716,0.14615515669469545,Kan
2,2,pBR322,1.2964968629159894,1.343667517691305,19.839357310995457,22.098900523481316,0.8517734544157777,Kan
2,2,CloDF,1.751401255046041,1.779819211607367,56.451589531263416,60.27475094710419,0.9215356029487006,Kan
2,2,pUC,1.0542794428452744,1.975415632603856,11.356696340385044,95.00286330821457,0.10935725334873891,Kan
2,3,pBR322,1.3275984569351282,1.413597114535224,21.38776436298801,26.03736980677702,0.7816618842606798,Kan
2,3,CloDF,1.690691230362816,1.7211628231960538,49.11762222414823,52.63244463757254,0.9138965206087568,Kan
2,3,pUC,0.9650867874408483,1.8870069144337769,9.321875500120997,78.16518022849213,0.10657406155925504,Kan
2,4,pBR322,1.2178754879197566,1.292110246594582,16.546120963446977,19.621707793933467,0.7918527759162158,Kan
2,4,CloDF,1.6890571840798412,1.7069036423656658,48.90003627306006,50.968837967362866,0.9402222578631266,Kan
2,4,pUC,1.0022471272964883,1.9104274249722308,10.078313954664987,81.69515074127511,0.11122924556183629,Kan
2,5,pBR322,1.2816286541713156,1.3485794935646502,19.220501872823295,22.429807012235404,0.8120951244983563,Kan
2,5,CloDF,1.6971094078478004,1.7465588762981452,49.88375498022041,55.81269016776202,0.876439441511649,Kan
2,5,pUC,1.122622578591676,1.8091848936956627,15.304562734794088,67.81865336573752,0.19436606437781734,Kan
3,1,pBR322,1.2758107702200243,1.2967285666658885,18.873397100919064,19.815657803865328,0.9027234075796828,Kan
3,1,CloDF,1.6249747672988228,1.6488859374418716,42.23250884774008,44.57399087928042,0.9249763583827284,Kan
3,1,pUC,0.7509321715152334,1.6152608409534868,5.648729200143723,41.29178678009547,0.11244153336216972,Kan
3,2,pBR322,1.2760323438629022,1.3207175080660079,18.891454575468934,20.93476061247633,0.8549226301231186,Kan
3,2,CloDF,1.6386709687409544,1.676705942813558,43.57829308572872,47.507279228322865,0.8963324183069115,Kan
3,2,pUC,0.6520212554235716,1.3132559324232267,4.4933841296376595,20.619590663131614,0.1694873698022481,Kan
3,3,pBR322,1.2838383001984968,1.3384891283534712,19.227402369320394,21.815723540998505,0.836298883050493,Kan
3,3,CloDF,1.5764633179417136,1.6275396697117779,37.732685516926935,42.42332050535084,0.8657746782831133,Kan
3,3,pUC,0.6548463178366316,1.7199725432343262,4.518078306775051,52.51823150814091,0.06703005066777759,Kan
3,4,pBR322,1.344539532452899,1.432791452467689,22.121244192519935,27.133929351958567,0.7793401042499509,Kan
3,4,CloDF,1.5081548566415435,1.5841632075872905,32.31769569412259,38.506531058853795,0.8134883391208766,Kan
3,4,pUC,0.8256729860967559,1.7761749593948417,6.696977651998764,59.7452203981994,0.09532918626192832,Kan
3,5,pBR322,1.3340796862724433,1.403113286342214,21.591259815407707,25.301414948912278,0.8140005352017544,Kan
3,5,CloDF,1.5398130697577397,1.6304406245556828,34.67521355341804,42.71299291554036,0.7892801388233449,Kan
3,5,pUC,0.7565442496786091,1.4499414912721074,5.710385679957489,28.190149420678264,0.16725188300771898,Kan
4,1,pBR322,1.2732721370507722,1.3251563335813201,18.76303634904859,21.145664324349706,0.8402705707292694,Kan
4,1,CloDF,1.5064094499763536,1.5967706182235462,32.13053558101785,39.52704833159799,0.7873751768984575,Kan
4,1,pUC,0.6180227408110178,1.853254331455543,4.157700497256279,71.34227209140504,0.04421434732755142,Kan
4,2,pBR322,1.2418178520007304,1.3285061670334595,17.47515478095238,21.324600998410205,0.7729447864216018,Kan
4,2,CloDF,1.4730483618494243,1.5528507598275263,29.74654024121617,35.736116541227645,0.8043022432440211,Kan
4,2,pUC,0.42504486014051085,1.4182740641557905,2.664340719563183,26.224835781477264,0.06344561250599492,Kan
4,3,pBR322,1.2413805824705977,1.319518738481541,17.438765850935276,20.871084123126547,0.7877869696177107,Kan
4,3,CloDF,1.4543971644761167,1.5595838074452801,28.502244129931274,36.284859239960916,0.7592347477747031,Kan
4,3,pUC,0.4386845667634669,1.8029008108088151,2.7506841021758883,63.59688696736789,0.02747106466538894,Kan
4,4,pBR322,1.2328359893758152,1.3147032224324366,17.105163212652332,20.646526906929612,0.779895412005836,Kan
4,4,CloDF,1.3940694454637967,1.5472404536110211,24.82351718064113,35.26117423185244,0.6751232429100643,Kan
4,4,pUC,0.44442114118863646,1.656282395652866,2.7830995610369746,45.34772250938007,0.03933760328758052,Kan
4,5,pBR322,1.2806158697215448,1.3889856009768486,19.11225346354698,24.511994277124373,0.7383808722341576,Kan
4,5,CloDF,1.3882856384640487,1.5476506209036056,24.483287630067778,35.300820327703256,0.6651749859586575,Kan
4,5,pUC,0.6262401963097947,1.932012548522312,4.236291144598265,85.52753877261392,0.03788930087960864,Kan
5,1,pBR322,1.2952111376400623,1.3477281692588756,19.73943636216151,22.315968360365137,0.8419965653066058,Kan
5,1,CloDF,1.4397907018729867,1.502042314602569,27.579124248693105,31.809857506595645,0.8351041123038797,Kan
5,1,pUC,0.22749236199662135,1.7367655803331452,1.691568699681835,54.62381017734764,0.012605219863562443,Kan
5,2,pBR322,1.2507930800803317,1.30025687768024,17.838320445448588,19.995811376372167,0.8424864059962673,Kan
5,2,CloDF,1.3933451976599043,1.4969009738284849,24.781449893359394,31.471924315914425,0.756489922866189,Kan
5,2,pUC,0.25407309290716373,1.7805518993123968,1.7983963020826719,60.697068907280624,0.013140815951957418,Kan
5,3,pBR322,1.2267420279173376,1.3099586437321504,16.88273922252782,20.45016257600611,0.7766379031449832,Kan
5,3,CloDF,1.3158106251452468,1.4207706254978953,20.715642501721156,26.37578391066212,0.7475425620822719,Kan
5,3,pUC,0.0948993727486895,1.7377738911093221,1.244585529170952,54.737023885278624,0.004465925657936157,Kan
5,4,pBR322,1.2812757339797332,1.7796296542147063,19.12013603988323,60.255417634085006,0.30101790880962764,Kan
5,4,CloDF,1.2649614469345887,1.360132395713728,18.41045193082178,22.921670132123666,0.759825548711745,Kan
5,4,pUC,0.16718082405920787,1.7034664481461637,1.4698073759601222,50.586791045450184,0.009303204425020563,Kan
5,5,pBR322,1.180709948777131,1.2599199896478457,15.183514655963437,18.23933165034897,0.7788218908109839,Kan
5,5,CloDF,1.315521000000549,1.4327300202722622,20.695017187324382,27.08757434979007,0.7268897692989641,Kan
5,5,pUC,0.24022806657677787,1.7574082974327287,1.739170139372332,57.23138227027851,0.012935654866152379,Kan
6,1,pBR322,1.3675387490398112,1.4053071293826278,23.326210261510017,25.44342826273134,0.8775135496986043,Kan
6,1,CloDF,1.7225527261088251,1.7403565478480634,52.85081526986095,55.04132715927261,0.9419303033812456,Kan
6,1,pUC,1.6117424148844188,1.7761126905503788,40.95142738442248,59.82561546211216,0.6683174756003888,Kan
6,2,pBR322,1.3687930419718446,1.4246836652752493,23.410443618894007,26.61821313132005,0.841893141991954,Kan
6,2,CloDF,1.730891148413062,1.8046743084549866,53.92819555575244,63.81614455444526,0.8301868061165433,Kan
6,2,pUC,1.5713898097906291,1.736993309643563,37.278391518754106,54.59639487597685,0.6647953391495032,Kan
6,3,pBR322,1.3318103265206604,1.4017127336539403,21.47131448406272,25.224459905433445,0.8117779727044369,Kan
6,3,CloDF,1.6687222958089818,1.736798474667485,46.673311643494536,54.555763638225706,0.8373299865114102,Kan
6,3,pUC,1.609163236007503,1.7745575056269596,40.671164086245426,59.55898732431447,0.6666691700857111,Kan
6,4,pBR322,1.3869272950831135,1.4679561449791736,24.375683728040013,29.37801096742268,0.795937925713926,Kan
6,4,CloDF,1.6470444222824978,1.736308959255899,44.41756780189547,54.49325460517002,0.7964268137956806,Kan
6,4,pUC,1.5484050795894835,1.731827833815438,35.35713678010631,53.94837761999642,0.6371171999718682,Kan
6,5,pBR322,1.3500461514955113,1.43733989520281,22.41778536689337,27.383364049109986,0.7817853385870701,Kan
6,5,CloDF,1.6342523923693628,1.731167533684885,43.11388837335707,53.86671391867702,0.78195628877326,Kan
6,5,pUC,1.616549824646581,1.8126863897506444,41.37222722294891,65.01543259897261,0.6224543323783932,Kan
7,1,pBR322,1.454159380425536,1.4030190006072287,28.45557846522335,25.322786983235954,1.0864725653198426,Kan
7,1,CloDF,1.7253698419760284,1.669347000951648,53.17794781438119,46.74037257545253,1.1171141083227252,Kan
7,1,pUC,1.6639544511543576,1.710374448643926,46.247337552079536,51.475715382843646,0.8793398455069873,Kan
7,2,pBR322,1.4186635870906363,1.3891897710799028,26.22668160375575,24.510060014515712,1.0294545756044884,Kan
7,2,CloDF,1.70940680596007,1.6672119824891178,51.26620114234376,46.49295219826783,1.0814198203968883,Kan
7,2,pUC,1.7244983583445357,1.7541820919830606,53.10767601584757,56.790957100805514,0.9170412657967061,Kan
7,3,pBR322,1.392142445737847,1.377291796639562,24.67964398037626,23.862659218744813,0.9929419667983058,Kan
7,3,CloDF,1.6776455827105947,1.6408540561591127,47.644065506519944,43.76460590407337,1.0669933185322324,Kan
7,3,pUC,1.7050374096861753,1.8435609196582956,50.72846972632001,69.82830049338263,0.7131102464960901,Kan
7,4,pBR322,1.4145336079882653,1.4236894096676538,26.011430520915084,26.59078288805914,0.9421790306857001,Kan
7,4,CloDF,1.667948172112859,1.6527347660680292,46.63132336145642,44.969593494284624,1.0152454239205415,Kan
7,4,pUC,1.5471844352553654,1.6525307107200735,35.26391058271951,44.94879108769109,0.7625294605893359,Kan
7,5,pBR322,1.4324707806912234,1.4060132333680242,27.07993724134033,25.485223072126583,1.0245145177614543,Kan
7,5,CloDF,1.640926901956374,1.635855513409686,43.752287598914734,43.28866543193013,0.9895527484113992,Kan
7,5,pUC,1.4260633814838137,1.5073439368214636,26.692504395722523,32.20693516726112,0.7990592076910619,Kan
8,1,pBR322,1.3157926276411198,1.331946326678104,20.70298654274867,21.499190678838186,0.9171805975052063,Kan
8,1,CloDF,1.545095594501559,1.5715828722870964,35.12229437441711,37.31868523600662,0.9154923510841951,Kan
8,1,pUC,1.299719933366206,1.5254692682618425,19.96751835380358,33.54806010565682,0.5654222747676834,Kan
8,2,pBR322,1.341514675810241,1.3799664072669449,21.963015091235153,23.988748413901522,0.8736786228599133,Kan
8,2,CloDF,1.5273363939867597,1.5649469328453656,33.69763644213565,36.729669934184265,0.889985990629612,Kan
8,2,pUC,1.0293091607484512,1.1624251320655616,10.72702685541948,14.571491155743567,0.6676038587069565,Kan
8,3,pBR322,1.3443750084554693,1.389505245931467,22.135568627347364,24.54452575620962,0.8606678205581665,Kan
8,3,CloDF,1.483014280928083,1.5112238549155947,30.416622369538278,32.45617634275522,0.9064310417861609,Kan
8,3,pUC,0.944888489400475,1.1675930136337749,8.80956374121981,14.711289518898672,0.5308290699473993,Kan
8,4,pBR322,1.2825235354103104,1.3072095578564455,19.17444969098412,20.292523445221395,0.8956071866887281,Kan
8,4,CloDF,1.4758860907424303,1.5164184443018491,29.935922217901616,32.86817049104267,0.8812465224962581,Kan
8,4,pUC,1.048844129034686,1.3543798288265496,11.20085379866399,22.621476383575512,0.45071182369700297,Kan
8,5,pBR322,1.3310164369137703,1.3921703256495814,21.482930986458346,24.7552331762401,0.8290571217448054,Kan
8,5,CloDF,1.4720101374696386,1.5034177111575486,29.67439519752411,31.877773739337623,0.899320081521704,Kan
8,5,pUC,1.0204312711183303,1.277330634432978,10.48371313461197,18.96178705753169,0.501371682833411,Kan
9,1,pBR322,1.3272498641714923,1.554316046144398,21.263909921169027,35.9420313981085,0.5652117020168282,Kan
9,1,CloDF,1.4819724277812387,1.6793724347037113,30.359446149136758,47.80439358955322,0.6141705048735489,Kan
9,1,pUC,0.8427868478768206,1.5240659343974192,6.969586706751464,33.42661256939553,0.1786107197664364,Kan
9,2,pBR322,1.2600495005065966,1.4760958354718074,18.205681781792048,29.952481825943153,0.5750397688957524,Kan
9,2,CloDF,1.491184921446713,1.720601884325875,31.021471036400083,52.58648339664364,0.5708275650833876,Kan
9,2,pUC,0.8954505724399405,1.570190012151454,7.901339396300641,37.30344027246608,0.18451389025270395,Kan
9,3,pBR322,1.2742128205650385,1.51497792483278,18.819149779328882,32.75111941130157,0.5441117973021486,Kan
9,3,CloDF,1.4471418528240159,1.665704289452185,28.04679716032408,46.33767113760265,0.5831893101031046,Kan
9,3,pUC,0.8323376283971191,1.6289990097927298,6.798993005923389,42.60299125995531,0.1362609564724878,Kan
9,4,pBR322,1.237466376676484,1.4705508410185553,17.285785587269345,29.55816985873959,0.5508822105101683,Kan
9,4,CloDF,1.4080564469412344,1.6630988890615017,25.602231967765636,46.11204108464414,0.5345676016526516,Kan
9,4,pUC,0.6934201504354102,1.4644327156748054,4.9455577404840065,29.153124085657485,0.13530911627179673,Kan
9,5,pBR322,1.2771306356841359,1.5197673875524573,18.947492923244127,33.13452500988161,0.5419117744608756,Kan
9,5,CloDF,1.4153404174666138,1.6509417356948186,26.04008436421857,44.783166865168624,0.5592273023717759,Kan
9,5,pUC,0.6645747027495232,1.2597938048072812,4.62069850482703,18.190879744490502,0.19911537524199033,Kan
10,1,pBR322,1.2552196944143192,1.3425924665629905,18.005612816516198,22.04348673962848,0.7726170582215272,Kan
10,1,CloDF,1.3250085233749649,1.4015223631132507,21.184281722316495,25.259489865831394,0.7987352845228988,Kan
10,1,pUC,0.6521248420006183,1.464631388658174,4.5038392427153315,29.22100183824151,0.11961915703643806,Kan
10,2,pBR322,1.176580354307828,1.2694169383704743,15.023688511767714,18.600182178840736,0.7545968570663432,Kan
10,2,CloDF,1.371462032076791,1.4549384480946133,23.54109214853338,28.515532675172466,0.7906757237501206,Kan
10,2,pUC,0.6679219506181336,1.3877537422391228,4.695195647050208,24.50261387112965,0.1498090575909786,Kan
10,3,pBR322,1.1953078863317566,1.3013586066962137,15.697245205950074,20.09852746084885,0.7339361381735866,Kan
10,3,CloDF,1.3653858319693246,1.4527420408583618,23.20047372767199,28.36359378310011,0.7827827347646287,Kan
10,3,pUC,0.49625527508276096,1.2320757663515942,3.1360264520144834,17.07269705693861,0.12515663004650782,Kan
10,4,pBR322,1.2033344256858811,1.3014077150609873,15.981256903130785,20.01910875980209,0.7482790922760859,Kan
10,4,CloDF,1.3209167196286524,1.4670255168681041,20.960115434668857,29.38784784798914,0.6828159253473362,Kan
10,4,pUC,0.4169237787896379,1.2039648730620487,2.6150084511957026,16.02692668176285,0.10067037128706315,Kan
10,5,pBR322,1.1925268552799757,1.2910062694488558,15.596214078440928,19.57676748448388,0.7460119655273297,Kan
10,5,CloDF,1.3567429434926186,1.4667696535699803,22.787506516572435,29.33784156625416,0.742071205083307,Kan
10,5,pUC,0.5383565766166053,1.4688583596278788,3.4549506401433674,29.446180674921063,0.0834028366014295,Kan
11,1,pBR322,1.3042170532749584,1.5494367484023035,20.183353946821025,35.55334004114901,0.5404484972051384,Kan
11,1,CloDF,1.4304027771543086,1.6719168940832565,26.975324219957482,47.000874730219486,0.5527690696278605,Kan
11,1,pUC,0.4512215860833604,1.7118643227049375,2.830102515370843,51.53029007105409,0.03549005014266659,Kan
11,2,pBR322,1.2622425541972746,1.521082616428585,18.31335221000717,33.248179899815554,0.5208582659204689,Kan
11,2,CloDF,1.4647382892742689,1.7216686534440722,29.187135158555336,52.71975935177875,0.534519465438961,Kan
11,2,pUC,0.40868667564695915,1.4743550819079605,2.5650315084919844,29.810840416176475,0.05248989792870374,Kan
11,3,pBR322,1.2914631270577976,1.5576739466947984,19.59689029047721,36.207666500558204,0.5140323911434763,Kan
11,3,CloDF,1.3600279860357558,1.613113143041601,22.92316371521316,41.05217860291995,0.5340957957953224,Kan
11,3,pUC,0.3180914787083501,1.4096406023358368,2.0803879824730873,25.687538842549074,0.04205460306048076,Kan
11,4,pBR322,1.2419520894875051,1.512013084492635,17.461047762884515,32.52484652071241,0.5063026262295937,Kan
11,4,CloDF,1.3408010539065482,1.6097102961105703,21.93021803809638,40.76312355628165,0.5140301427880055,Kan
11,4,pUC,0.34917874683341915,1.6539052055837915,2.235938082613638,45.18092100580279,0.02736680919499018,Kan
11,5,pBR322,1.2288063440548191,1.489445794127905,16.95648950609929,30.886637879619453,0.5163458768429514,Kan
11,5,CloDF,1.3846682305853049,1.6334645426621053,24.26359026448966,43.022944663880885,0.5410871114884305,Kan
11,5,pUC,0.3373968505143788,1.6828082461026688,2.1763530907355024,48.27423201151498,0.02436206790291477,Kan
12,1,pBR322,1.2083177286482019,1.2561436453620105,16.164144467633868,18.082242328704357,0.8411709847073543,Kan
12,1,CloDF,1.3433304034944449,1.4187655544158797,22.06590734510023,26.267548155716128,0.802815237544034,Kan
12,1,pUC,0.16389608490283705,1.4385271762979406,1.4631484631805225,27.538964612537328,0.016598725453500957,Kan
12,2,pBR322,1.1944177564153693,1.282089637052228,15.65197648074183,19.152986801401614,0.7657297774632861,Kan
12,2,CloDF,1.4105039195456666,1.4997687134602604,25.77560952476001,31.616548279294268,0.7829718042706647,Kan
12,2,pUC,0.18886092201205598,1.37530939987026,1.5489860732882084,23.781431013714013,0.0228876634814166,Kan
12,3,pBR322,1.1853754568186716,1.278292153161993,15.33820640494711,18.990042527519858,0.7549644814507271,Kan
12,3,CloDF,1.3123640538799421,1.407792459247857,20.53788262207995,25.581996212112,0.7647898522816733,Kan
12,3,pUC,0.18101451188471354,1.4476388969236649,1.5176585571786283,28.062134677189544,0.018430551642566798,Kan
12,4,pBR322,1.1379037992770853,1.2281017075722127,13.745785172203748,16.93345254887645,0.753422606350466,Kan
12,4,CloDF,1.2454502889552357,1.3576629908130622,17.606663135605277,22.801186612634197,0.7289050364461066,Kan
12,4,pUC,0.061924152993127944,1.3400479368227802,1.1543532061447312,21.894463966058623,0.006980316339328701,Kan
12,5,pBR322,1.1588820365463153,1.2455975285986394,14.428627909592967,17.66847594864232,0.7629662237780944,Kan
12,5,CloDF,1.2786196421922542,1.3649334217216686,19.01251794213336,23.186970631601323,0.7782737460004495,Kan
12,5,pUC,0.03836325721424858,1.3060703674672043,1.0926053369050035,20.25262446226498,0.004584437772740177,Kan
13,1,pBR322,1.3302534445631131,1.4790779515127863,21.419173702136302,30.22624965472747,0.6769302577969988,Kan
13,1,CloDF,1.5336028420868402,1.6669631725828815,34.19480081452,46.44990792638584,0.714572712701428,Kan
13,1,pUC,1.5392269604676734,1.8101168746696796,34.65680238474165,64.73006647421921,0.5206160232428331,Kan
13,2,pBR322,1.3593358418197703,1.5357238525055659,22.903054146157515,34.37209634056614,0.6371507296503182,Kan
13,2,CloDF,1.6109326272721949,1.7776047848740637,40.85192516556891,59.97161174375375,0.6645923406310547,Kan
13,2,pUC,1.4751378308167122,1.7362928523391894,29.87790308299178,54.487799401597364,0.5299965203080211,Kan
13,3,pBR322,1.301199383413576,1.4787448521778443,20.027846844276162,30.165892014848808,0.6315729980528382,Kan
13,3,CloDF,1.5649962532077428,1.7343285545571707,36.77188821326943,54.252445991312676,0.6593499854283068,Kan
13,3,pUC,1.4907689191928395,1.7548294072779231,30.962884222809247,56.88103061502241,0.5269780539509229,Kan
13,4,pBR322,1.2163224918407307,1.3850567564242249,16.457335020830662,24.28466554349681,0.6370717365145425,Kan
13,4,CloDF,1.5439224042155362,1.7202262699643007,35.0765479621542,52.549521610763065,0.6481368042279498,Kan
13,4,pUC,1.496968742113717,1.7679421768565398,31.427633637190354,58.62799475630703,0.5188357122629124,Kan
13,5,pBR322,1.2674108866403564,1.4249143051912696,18.51062347167694,26.61380764898121,0.6585171696050091,Kan
13,5,CloDF,1.500171249868713,1.6147778542307163,31.64033113704401,41.20215853891673,0.744458486830185,Kan
13,5,pUC,1.6537254758832274,1.9115813857416215,45.108588654948825,81.64816886113401,0.5404881215802495,Kan
14,1,pBR322,1.282866330346391,1.4676710012182876,19.23733850946791,29.454441215338772,0.6194243925542546,Kan
14,1,CloDF,1.5059905816607335,1.6677895498742223,32.13023825274619,46.59190522546402,0.6675825765231562,Kan
14,1,pUC,1.5642912908458844,1.859887732376561,36.80857617334259,72.53697972693435,0.49295948380176074,Kan
14,2,pBR322,1.281837027659346,1.4830517022330605,19.1588706011678,30.441663216045868,0.5963903388453091,Kan
14,2,CloDF,1.5930510011340282,1.7798404779020904,39.20297926207306,60.248408540713704,0.6342675572691305,Kan
14,2,pUC,1.4694323684747808,1.7580029785778573,29.479246912409693,57.304977885808775,0.4972314528329216,Kan
14,3,pBR322,1.3327094392853824,1.5534622445485475,21.53173800195788,35.80396322314507,0.5737589904663785,Kan
14,3,CloDF,1.538177800196884,1.7433237188474673,34.55174030174585,55.41169594252177,0.6066724340379241,Kan
14,3,pUC,1.5825467584467974,1.8620551877713611,38.26397724442628,72.85549495967827,0.511716967587828,Kan
14,4,pBR322,1.2353835410611584,1.4467884301322131,17.19494216950962,27.984149634744607,0.5791372809924314,Kan
14,4,CloDF,1.5075617154510246,1.7117695355313558,32.248601563914264,51.51341498931882,0.6064114130041038,Kan
14,4,pUC,1.477291997264442,1.7747230629447373,30.027129569236664,59.543003402512944,0.487463927475086,Kan
14,5,pBR322,1.3186679210629437,1.5285822721674682,20.839973028204902,33.784791283581946,0.5873945464872182,Kan
14,5,CloDF,1.5055038131492935,1.628547712544442,32.065449874340054,42.52380591989427,0.7315055770147892,Kan
14,5,pUC,1.5846635335897783,1.8734043371384326,38.45260528442944,74.75238509879719,0.5014627595285117,Kan
15,1,pBR322,1.3120352466366052,1.722971735291704,20.515066198664332,52.92850330257335,0.3696503151516486,Kan
15,1,CloDF,1.4067604713263255,1.8214169535352296,25.541990930004044,66.37013294640725,0.36990958078428554,Kan
15,1,pUC,1.2101457298606269,1.9056850628470998,16.288825489525838,80.78830190850834,0.1892161295977756,Kan
15,2,pBR322,1.2401746965619749,1.6774711964819973,17.39541829394353,47.59596082557149,0.3443733593706801,Kan
15,2,CloDF,1.447980139913969,1.9054254394725667,28.106797317122886,80.46293577830194,0.33660175886344507,Kan
15,2,pUC,1.1562088686325958,1.818558284980445,14.361557167386684,65.91438618088512,0.20264052527282506,Kan
15,3,pBR322,1.2837468949044664,1.7475410911948186,19.249565901628223,56.036657090702,0.3258199684333661,Kan
15,3,CloDF,1.4055032437000878,1.8987457021823209,25.46854494382492,79.39367049791592,0.30864358963806715,Kan
15,3,pUC,1.1114365972243736,1.76200362489025,12.92547317584434,57.824482707296575,0.20634139347660038,Kan
15,4,pBR322,1.236226853810004,1.708560667012934,17.244130879894552,51.16426967159472,0.31745183357027446,Kan
15,4,CloDF,1.3746784529367397,1.8474230830660074,23.702594470616088,70.44330348266737,0.32263500978687404,Kan
15,4,pUC,1.133255067927312,1.8524097520962624,13.593730733050402,71.26233281666879,0.17692033181769393,Kan
15,5,pBR322,1.292380595171334,1.756049115485605,19.611035955900714,57.02465722017206,0.32636982501057654,Kan
15,5,CloDF,1.3650161146803415,1.7531732114121479,23.200877828036273,56.683765012058636,0.3917160554380911,Kan
15,5,pUC,1.258870230530601,1.946001545531557,18.1634011800292,88.37874688629809,0.19434584161736693,Kan
16,1,pBR322,1.3207238792914844,1.574550228696897,20.93490165309306,37.58778519543741,0.5310367515034936,Kan
16,1,CloDF,1.38482051931469,1.6180695717827236,24.274243182054843,41.53463096009367,0.560946147574422,Kan
16,1,pUC,0.9317210442502563,1.6823299034093855,8.553407554498126,48.16451283377656,0.15681418825586035,Kan
16,2,pBR322,1.265913655341538,1.5316503290869357,18.462422002321187,34.047413871893845,0.5130284636611503,Kan
16,2,CloDF,1.4023835612188826,1.684568215717901,25.278341880015265,48.37807784065887,0.5017062213408912,Kan
16,2,pUC,0.7035720003381042,1.312233092649006,5.059429525191512,20.545418279324913,0.19748693881229495,Kan
16,3,pBR322,1.183957606469728,1.45337288336004,15.277673417707854,28.411262770268696,0.5025797932976086,Kan
16,3,CloDF,1.3331335331323753,1.6647389263743302,21.539822442615634,46.22745813887723,0.44451657223040136,Kan
16,3,pUC,0.8544684264783581,1.5604056823634418,7.15333918909566,36.35430823745386,0.16933869358127904,Kan
16,4,pBR322,1.1546198743497234,1.431822570520189,14.297308213125964,27.049779317259578,0.49126419078223993,Kan
16,4,CloDF,1.319953618570772,1.6026953610712003,20.918946473458508,40.0828214013823,0.496792916492698,Kan
16,4,pUC,0.7772422873647948,1.5642260918090003,5.988098282608511,36.69055166806133,0.13611851030750816,Kan
16,5,pBR322,1.1862628310052463,1.4640098827514156,15.3596629673233,29.11354771846351,0.4936343158659946,Kan
16,5,CloDF,1.3172420987649123,1.5147116957643398,20.766149304724493,32.719910179509306,0.6041277908492889,Kan
16,5,pUC,0.8493602661994378,1.598157641646451,7.076581417465309,39.65272682445282,0.1533287391651366,Kan
17,1,pBR322,1.279315035377423,1.4688268121532932,19.028221369602846,29.457227838487526,0.6127041122365577,Kan
17,1,CloDF,1.4136593817560439,1.6082376526498328,25.931035752965244,40.581733564189356,0.6142711486253266,Kan
17,1,pUC,0.6713974803497073,1.6203696401887118,4.702775435622764,41.82291820544418,0.08849170670108018,Kan
17,2,pBR322,1.2043613530290516,1.3978211508891183,16.021788091642545,25.002307704878948,0.6005839124333955,Kan
17,2,CloDF,1.4515876336825164,1.6625087753153969,28.33396871081457,46.049339492778806,0.5936350172821216,Kan
17,2,pUC,0.6880481918414731,1.5843610298753281,4.884163806679813,38.429916301958876,0.10094319850972634,Kan
17,3,pBR322,1.2490712604099323,1.4470414932849716,17.756570420063643,28.022369185648227,0.5984236068136699,Kan
17,3,CloDF,1.3536686469716797,1.6614744078622665,22.60663815529355,45.89960754587876,0.4705475130080686,Kan
17,3,pUC,0.618366346253704,1.555084822774434,4.1551002255272635,35.95106766117463,0.0878228003101263,Kan
17,4,pBR322,1.221686276639772,1.439605541801405,16.66350021733641,27.52296920692962,0.5692543756099512,Kan
17,4,CloDF,1.3158840080939167,1.5427329096976283,20.712680666778017,34.924127838311854,0.5646573967358582,Kan
17,4,pUC,0.5579088783581555,1.49493395823751,3.616897118614658,31.311501563133316,0.0836928863065244,Kan
17,5,pBR322,1.2531609284345429,1.4725575347508408,17.944824745593774,29.71178532042533,0.5699169396740048,Kan
17,5,CloDF,1.353262857738044,1.4987211402429927,22.56912174643317,31.548016729979064,0.6839651339791389,Kan
17,5,pUC,0.6575303270927703,1.6353381678274166,4.545295009329674,43.20529009054203,0.08210282974373806,Kan
18,1,pBR322,1.2993040508857614,1.667687727550561,19.960018636703463,46.5472379054116,0.4071643648529941,Kan
18,1,CloDF,1.4332924667879603,1.8150924169559433,27.207228635736694,65.36706803325667,0.4003491491496553,Kan
18,1,pUC,0.6439328199957658,2.0255266009987127,4.407119438190465,106.09074599494907,0.03214877138974361,Kan
18,2,pBR322,1.3062375205924486,1.6993299189451483,20.25347148624042,50.05107478607423,0.38464183573427757,Kan
18,2,CloDF,1.4944832891395394,1.8821174390694841,31.272527896143178,76.56975056674635,0.39711069350844563,Kan
18,2,pUC,0.5876101983261609,1.8854451397243641,3.869687876703127,76.88959815983165,0.03736793229811006,Kan
18,3,pBR322,1.2764618950714808,1.6708648519566323,18.90309985693593,46.88512928674592,0.38204233965372764,Kan
18,3,CloDF,1.3714270865278684,1.8828969637379547,23.596401191840204,76.36782988802288,0.2957379009549676,Kan
18,3,pUC,0.4947931575268665,1.7376239590228078,3.1258685221784472,54.686999481596,0.03887189124278891,Kan
18,4,pBR322,1.2602151516745046,1.691359979088319,18.21834139026612,49.157327849301645,0.35062963742319164,Kan
18,4,CloDF,1.3444367600334406,1.780652090105053,22.114785055921317,60.392628294791706,0.3499195942355597,Kan
18,4,pUC,0.4727005606396612,1.893370032005447,2.970084384529619,78.25095158780684,0.02517483509532871,Kan
18,5,pBR322,1.3179119251652531,1.7304650065317253,20.811025985280708,53.76180528593671,0.36845821093826014,Kan
18,5,CloDF,1.3802789966977693,1.7484020080092748,24.07121670732836,56.04041159074322,0.412218847503563,Kan
18,5,pUC,0.4629614465227702,1.7282447279443949,2.9129256833296027,53.48895294172641,0.03576688821719092,Kan
19,1,pBR322,1.0124606992423135,1.2048592419666104,10.292441385926237,16.039931008534552,0.5800830266616848,Kan
19,1,CloDF,1.1695481532427559,1.3712563355171412,14.917442553952512,23.65207012298443,0.5860880380640132,Kan
19,1,pUC,0.22073643080036473,1.6333458635035638,1.6642730330403752,43.006731151946205,0.015418055016494731,Kan
19,2,pBR322,1.0711030219061657,1.2990052269487113,11.792364808132982,19.934737280927063,0.5414104010308275,Kan
19,2,CloDF,1.2135749685612807,1.4235510135672067,16.37989071826136,26.537706748102284,0.5792286187647838,Kan
19,2,pUC,0.1763595951175846,1.5017984610157358,1.5014528480536555,31.755130842082195,0.015782723795969223,Kan
19,3,pBR322,1.0963186397243712,1.3358275722348603,12.489494932016527,21.703355931790313,0.5301178314712284,Kan
19,3,CloDF,1.0981658209359086,1.4302485621297765,12.544884985318864,26.950191347366665,0.4292728574239654,Kan
19,3,pUC,0.0871397470699141,1.3394411817709815,1.222733403832219,21.855356375024968,0.010165546765312984,Kan
19,4,pBR322,0.957512651978445,1.194518927639704,9.071255296980866,15.652117435254944,0.5158017311543169,Kan
19,4,CloDF,1.0630710984837852,1.3108965944886544,11.579931905369039,20.495874703821755,0.5169704356821402,Kan
19,4,pUC,0.0538547670475395,1.4356711949975314,1.1331539594230073,27.287818370019817,0.00482314196911649,Kan
19,5,pBR322,1.077741920640035,1.312699904666764,11.963964781334505,20.547246782421812,0.5337015011526088,Kan
19,5,CloDF,1.1523228283870415,1.3018833124884102,14.214931097277804,20.04241064284002,0.6595168311218904,Kan
19,5,pUC,0.10923860601817266,1.504201950059441,1.2861502631347024,31.9395891520582,0.008961429654643216,Kan
20,1,pBR322,1.3339227970414658,1.5105849190933285,21.575933260072926,32.46281673394853,0.6357075705396961,Kan
20,1,CloDF,1.601206191417016,1.791664979772267,40.09171612846837,61.93826963401495,0.63001226509539,Kan
20,1,pUC,1.504216993965522,1.8278577626235526,32.00445473137757,67.43761859743479,0.45975187618963304,Kan
20,2,pBR322,1.3574803318656132,1.5614577739214734,22.796328641082273,36.49659418590545,0.5979885479761119,Kan
20,2,CloDF,1.584975034972589,1.7801133441773398,38.58506864004823,60.29657593023387,0.6233676326129285,Kan
20,2,pUC,1.439436693145834,1.730696191689215,27.53482499707638,53.851303027187505,0.49280920139204576,Kan
20,3,pBR322,1.3772689589733524,1.6027468084536587,23.86368466228649,40.11173792431384,0.5701012322184861,Kan
20,3,CloDF,1.4852626246063672,1.7684079542209565,30.587934182496255,58.68394157506077,0.5042583455337661,Kan
20,3,pUC,1.5320268037500016,1.8361545414133527,34.05833579442545,68.64162603947115,0.48192260604759096,Kan
20,4,pBR322,1.2276724454047712,1.4710775437870887,16.901139459693155,29.648646673562826,0.5374342078513509,Kan
20,4,CloDF,1.4819015751017146,1.6825315369867984,30.37157542665216,48.16776815327572,0.6099478303922755,Kan
20,4,pUC,1.5433085946550256,1.844747949176601,34.94990845010471,70.0109535206888,0.48531006835766527,Kan
20,5,pBR322,1.2967373033675087,1.519443630233174,19.817439888012135,33.079537445030404,0.5687649028602244,Kan
20,5,CloDF,1.5537890639473282,1.7014992506053284,35.867093729653455,50.30387395843808,0.692991154632634,Kan
20,5,pUC,1.6191758239742216,1.919911931659181,41.630840007291994,83.16767984901526,0.4884272434452668,Kan
21,1,pBR322,1.317753544819224,1.4532327872441708,20.800016639258157,28.445550517124627,0.6972238885934927,Kan
21,1,CloDF,1.6352554042032,1.7819932016385707,43.319082120250066,60.552093487744806,0.6984555090141026,Kan
21,1,pUC,1.4225987979789572,1.7157846638827492,26.468349809103824,52.01851632920508,0.49004007785007647,Kan
21,2,pBR322,1.34522182792292,1.5077268971949174,22.14928967379346,32.20422157800149,0.657211238364242,Kan
21,2,CloDF,1.5978319660142664,1.7626954197766505,39.64541933221745,57.92252605283261,0.6670620404959015,Kan
21,2,pUC,1.3745407032180224,1.6637011797639214,23.696285137591364,46.115498739960564,0.4923591368385239,Kan
21,3,pBR322,1.3508697161391956,1.5085745805703128,22.4479437312355,32.32149676729966,0.6647544669506322,Kan
21,3,CloDF,1.5606084089984789,1.8051234966517684,36.4158983858447,63.91197992691133,0.5539797638066994,Kan
21,3,pUC,1.4017032959916575,1.6789965540152088,25.27164971052059,47.907788293704186,0.5072870014521407,Kan
21,4,pBR322,1.2453630292762177,1.4288501790712793,17.62292453134977,26.88276757638154,0.618324625415016,Kan
21,4,CloDF,1.5332428470462807,1.6747860069450418,34.24300428185101,47.2965766106442,0.7024054122444691,Kan
21,4,pUC,1.3933909387706966,1.668877914258661,24.7449592524478,46.65628415480419,0.5090506194178468,Kan
21,5,pBR322,1.3124983280879843,1.4825192028181204,20.538519400984768,30.40375275311655,0.6435570955643553,Kan
21,5,CloDF,1.59442999907742,1.6871565916502125,39.40860197578295,48.667953292687805,0.7889676720992823,Kan
21,5,pUC,1.4636449128634668,1.7500971199099575,29.10169455115098,56.28332101392794,0.499407032705197,Kan
0,1,pBR322,1.7784587307539896,1.9057920142178635,60.06196071299309,80.53547406075668,0.734373504882251,noKan
0,1,CloDF,2.4046720986110253,2.51843208280082,254.32763222928781,330.30528460594724,0.766827608902615,noKan
0,1,pUC,3.1145821700295673,3.8409211127607406,1304.8986775799024,6957.970074939181,0.18963948695016963,noKan
0,2,pBR322,1.7784587307539896,1.9057920142178635,60.06196071299309,80.53547406075668,0.734373504882251,noKan
0,2,CloDF,2.4046720986110253,2.51843208280082,254.32763222928781,330.30528460594724,0.766827608902615,noKan
0,2,pUC,3.1145821700295673,3.8409211127607406,1304.8986775799024,6957.970074939181,0.18963948695016963,noKan
0,3,pBR322,1.7784587307539896,1.9057920142178635,60.06196071299309,80.53547406075668,0.734373504882251,noKan
0,3,CloDF,2.4046720986110253,2.51843208280082,254.32763222928781,330.30528460594724,0.766827608902615,noKan
0,3,pUC,3.1145821700295673,3.8409211127607406,1304.8986775799024,6957.970074939181,0.18963948695016963,noKan
0,4,pBR322,1.7784587307539896,1.9057920142178635,60.06196071299309,80.53547406075668,0.734373504882251,noKan
0,4,CloDF,2.4046720986110253,2.51843208280082,254.32763222928781,330.30528460594724,0.766827608902615,noKan
0,4,pUC,3.1145821700295673,3.8409211127607406,1304.8986775799024,6957.970074939181,0.18963948695016963,noKan
0,5,pBR322,1.7784587307539896,1.9057920142178635,60.06196071299309,80.53547406075668,0.734373504882251,noKan
0,5,CloDF,2.4046720986110253,2.51843208280082,254.32763222928781,330.30528460594724,0.766827608902615,noKan
0,5,pUC,3.1145821700295673,3.8409211127607406,1304.8986775799024,6957.970074939181,0.18963948695016963,noKan
1,1,pBR322,1.314627077569904,1.512562815785942,20.64728561054086,32.596544475046024,0.6040068584358992,noKan
1,1,CloDF,1.8690676086149345,2.0230448504348213,74.21754335706163,105.99172686319962,0.693405492128978,noKan
1,1,pUC,2.5617569410729444,3.3306252419477005,365.25903091959384,2143.4082391418483,0.16982598908143107,noKan
1,2,pBR322,1.2561776153148232,1.4657578604228554,18.06747416773549,29.27283076936366,0.582974336990832,noKan
1,2,CloDF,1.9116099067361694,2.058444577527721,81.73334527120218,114.48770657628394,0.7061088941260522,noKan
1,2,pUC,2.6376377300634655,3.360701734106007,434.54824383623645,2296.3070529006995,0.18877670423805973,noKan
1,3,pBR322,1.30835876009541,1.5290740748575933,20.357198941889457,33.817269717125264,0.5723674094935355,noKan
1,3,CloDF,1.8558429736895885,2.0370617989085433,71.75967910679809,108.96604690985261,0.6501885565794426,noKan
1,3,pUC,2.6032519072728633,3.3534338440676366,401.6536649110087,2263.6670965946564,0.17816352862072538,noKan
1,4,pBR322,1.1996636656542852,1.4134799719945053,15.838350240433899,25.914707927053517,0.5728258065080604,noKan
1,4,CloDF,1.8417740309727295,2.02954937938189,69.74118566636847,107.69232479612076,0.639806183056019,noKan
1,4,pUC,2.424039563912418,3.263763270354309,265.9881449382921,1837.349976874384,0.1441659216677418,noKan
1,5,pBR322,1.2480479896712788,1.4776596966051796,17.74096158155261,30.070558421246897,0.5563707693638101,noKan
1,5,CloDF,1.8559377532893515,2.0381743468154983,71.93233859832155,109.22026000599811,0.6493743018510617,noKan
1,5,pUC,2.5510709626181827,3.3157881202706534,356.41598131807353,2069.5496791242545,0.1718186237581575,noKan
2,1,pBR322,1.2369067779936926,1.2765608516134945,17.274747453556632,18.919903111066105,0.8600446578546478,noKan
2,1,CloDF,1.7263199021135958,1.7288027672035318,53.31970872348912,53.6436032217505,0.9756556811734295,noKan
2,1,pUC,1.346242762955755,1.7197326789780145,22.232832301712318,52.5605885468959,0.4042541568252656,noKan
2,2,pBR322,1.245097712798876,1.303183940402138,17.5925399854183,20.102075696617696,0.8251697399246202,noKan
2,2,CloDF,1.7588308363385352,1.769559072630087,57.3988422588045,58.88721024580793,0.9596343987692908,noKan
2,2,pUC,1.2456148053932674,1.6867435221605065,17.622236439467688,48.622146353620415,0.34169598794850914,noKan
2,3,pBR322,1.197541318384482,1.247943124111943,15.766475992465416,17.701734915489855,0.8340705563379148,noKan
2,3,CloDF,1.7050490472564972,1.7303982156935522,50.787649761503,53.761026922110204,0.925502716709441,noKan
2,3,pUC,1.5049677317782775,1.903346681903457,32.00967954725912,80.1376908168446,0.38713771954834014,noKan
2,4,pBR322,1.2422066386436181,1.3143364538832352,17.47219235697473,20.638178006136588,0.7985431935367505,noKan
2,4,CloDF,1.706323468070881,1.728639415466284,50.87963237478266,53.56381128916797,0.9317315620024383,noKan
2,4,pUC,1.2230426482990921,1.6615322322443173,16.722796970521443,45.916277095166784,0.3425461331299288,noKan
2,5,pBR322,1.2364414882576664,1.2990815836372807,17.244467231251956,19.920879337237206,0.8156398428803628,noKan
2,5,CloDF,1.7265047456294214,1.7574553610426369,53.281731326390776,57.2257302153592,0.914229691372554,noKan
2,5,pUC,1.3733367583774203,1.7173076932107467,23.630857271930534,52.18797059547327,0.43377805965312266,noKan
3,1,pBR322,1.170832214349456,1.1854555629774166,14.826952106501174,15.343561740668813,0.9022820631885131,noKan
3,1,CloDF,1.54772446632924,1.5171225455293202,35.333049608613386,32.920226751052034,1.0431529902917718,noKan
3,1,pUC,0.8392152981643496,1.1014542465984445,6.911892251191909,12.649088261119333,0.4674906951327875,noKan
3,2,pBR322,1.1855534054300694,1.2087712326581979,15.338349563755715,16.179236818804338,0.8863375340252189,noKan
3,2,CloDF,1.5514656620540208,1.5165468245084572,35.7320002962004,32.920291057869015,1.0534635369127194,noKan
3,2,pUC,0.6456565443977177,1.111496098674581,4.423767476851767,12.931454991937352,0.26477789073427466,noKan
3,3,pBR322,1.1953218713336569,1.2285575806361921,15.681552700476905,16.943362570108672,0.8676242267827011,noKan
3,3,CloDF,1.5367575666664628,1.531921177621527,34.44776910517001,34.05624666377113,0.9822917403095364,noKan
3,3,pUC,0.8545602897860952,1.2576631319972036,7.155898417608134,18.102864021066587,0.34003740770801194,noKan
3,4,pBR322,1.170688980048255,1.2124453187958768,14.823757110503061,16.311238270395773,0.8473663606662744,noKan
3,4,CloDF,1.5196893593805079,1.5220106506174738,33.14060942440879,33.320075362559585,0.9655587283453437,noKan
3,4,pUC,0.7109807685159101,1.0897068728971848,5.141246545140437,12.301940141222696,0.3367959645826914,noKan
3,5,pBR322,1.2049816695926732,1.2479097295431394,16.03764099002996,17.70371801931408,0.8495761199937397,noKan
3,5,CloDF,1.5660164915152395,1.5559514725197703,36.867455380797445,35.98859690909001,0.9959351880865577,noKan
3,5,pUC,0.8803372943166307,1.1128148307619499,7.600861586287944,12.989119484681153,0.5085373208318813,noKan
4,1,pBR322,1.071719230814569,1.2102680186844992,11.798705374777958,16.245954241389,0.6656198311661207,noKan
4,1,CloDF,1.2917633739347392,1.4066918682063463,19.60760859689033,25.51918927821924,0.7286211393057026,noKan
4,1,pUC,0.528023728113412,1.0032796535357307,3.3894618919749386,10.133718072414608,0.23510980010471946,noKan
4,2,pBR322,1.121031114929348,1.2574177533443796,13.248256432525585,18.131896519967277,0.675165112630264,noKan
4,2,CloDF,1.3461259883931629,1.4376305526950386,22.215664786501822,27.399496048291677,0.7739927439352509,noKan
4,2,pUC,0.47633872754102397,0.9812903570464068,2.9986649166703985,9.605442954568474,0.20812081798935944,noKan
4,3,pBR322,1.1941579013915689,1.3563065676634272,15.651026418136844,22.743675483541427,0.6444941395912317,noKan
4,3,CloDF,1.316852892340041,1.4230620099788638,20.748228543268883,26.489399502903556,0.7454357894760015,noKan
4,3,pUC,0.5131835770992543,0.9443132764625219,3.264412055761705,8.806685313419214,0.25676675396776505,noKan
4,4,pBR322,1.0602281768606217,1.1937866072124728,11.497571831529141,15.648082584499457,0.6712426249524636,noKan
4,4,CloDF,1.3450791073375141,1.4565671507552878,22.151002425486123,28.665875655456897,0.7389199660739184,noKan
4,4,pUC,0.43225119501650594,0.9202567450271486,2.7085422349718384,8.32465511707329,0.205402361827235,noKan
4,5,pBR322,1.0852144193569602,1.2359773475255884,12.1779917662667,17.246556215481256,0.6496281606758338,noKan
4,5,CloDF,1.380708292540999,1.4855994496723504,24.053229406100073,30.601013500219313,0.7530400247961061,noKan
4,5,pUC,0.3899384180923167,0.8342744609158338,2.4575073317013447,6.8380107324223465,0.2133170653002824,noKan
5,1,pBR322,0.988622013278956,0.9417701251071257,9.748477339125868,8.75547912634669,0.9995755772584469,noKan
5,1,CloDF,1.1014533164594171,1.0105577236749541,12.665054699615688,10.258787605689328,1.1356639043319747,noKan
5,1,pUC,0.2815071767352562,0.5357880390276369,1.9126249637060704,3.434061706929464,0.2656997794643718,noKan
5,2,pBR322,1.023917937222664,1.0050966210297763,10.570307127384053,10.120046001551795,0.9459816798297268,noKan
5,2,CloDF,1.1110427509226983,1.0386939512288922,12.99273224860688,10.95669745649569,1.0909875694528501,noKan
5,2,pUC,0.14840042347447968,0.2542446306928472,1.4077179768242998,1.7958877276787308,0.2268460509457115,noKan
5,3,pBR322,0.9454579970467413,0.9309847342371244,8.823258273633467,8.541954292330614,0.9168293112593147,noKan
5,3,CloDF,1.047988314284557,0.9796186600396317,11.177705882355822,9.543638175203911,1.0660788812562216,noKan
5,3,pUC,0.23889415972835107,0.48579798242652533,1.7344001521065249,3.0676319415674,0.2392107493611592,noKan
5,4,pBR322,1.042879924359818,1.0548226813171144,11.0444368534473,11.358502136086457,0.8847499814210615,noKan
5,4,CloDF,1.027391031985628,0.9698330234326583,10.657145251140074,9.33030544577006,1.034981002694655,noKan
5,4,pUC,0.1928562334404793,0.375798050244615,1.5593659777447642,2.3767867421102684,0.235410359824711,noKan
5,5,pBR322,0.8872408781746932,0.8966978761837555,7.716924474426301,7.897508658310204,0.8520596444202849,noKan
5,5,CloDF,1.06158940527128,1.0222602481693075,11.536145527177224,10.533619045745736,0.9997686700917011,noKan
5,5,pUC,0.3013606447879711,0.4666331822358703,2.0025930498352817,2.9302146332592116,0.3420562346802471,noKan
6,1,pBR322,1.4627252829543276,1.5114851810479923,29.02850904045739,32.495897523910905,0.8633055719123178,noKan
6,1,CloDF,1.9786732142580776,1.9811363445482657,95.29286956091964,95.77020584573954,0.9843633860917912,noKan
6,1,pUC,1.8414967965359867,1.7673028010367864,69.57845485532886,58.57804918892762,1.1709503169740818,noKan
6,2,pBR322,1.451260204364872,1.5258209936387583,28.27283167538619,33.57149387687004,0.8124946699426417,noKan
6,2,CloDF,1.922538896125431,1.9564001010031193,83.7570321206196,90.48336878008848,0.9145029206211487,noKan
6,2,pUC,1.874582342975242,1.8131519120884771,74.94771062957277,65.07504266659397,1.1367762021584262,noKan
6,3,pBR322,1.437011930499412,1.5188997309694676,27.360981956522583,33.04341495100167,0.7978993467804104,noKan
6,3,CloDF,1.9037758291145404,1.942639952967126,80.17887510326437,87.65620359358554,0.9035962359039983,noKan
6,3,pUC,1.843475102800294,1.7548973924334366,69.74962960066361,56.877271048668085,1.2088619983671935,noKan
6,4,pBR322,1.6572951180864461,1.6149373790513322,45.442913202855586,41.22457269589855,1.078233606312576,noKan
6,4,CloDF,1.9477710921066371,1.9944074444983946,88.69198593071069,98.75805211819092,0.888232565891485,noKan
6,4,pUC,1.8144733604199246,1.7345464151715895,65.26490390762322,54.27340861117194,1.1838718828839987,noKan
6,5,pBR322,1.3900076111595883,1.4939656429911603,24.556161560410846,31.21102773741322,0.7551539601846069,noKan
6,5,CloDF,1.8972712824991687,1.9541546166106063,78.95484198322858,90.00279965293697,0.8663472252151608,noKan
6,5,pUC,1.8420305493213895,1.7636539362233636,69.56921511036379,58.05116088609113,1.1814910650586243,noKan
7,1,pBR322,1.5271136714343811,1.6116695589275933,33.66361315260982,40.92111786940729,0.7988592345131988,noKan
7,1,CloDF,1.9793276877425567,2.028604712500074,95.44250840216246,106.9643391755903,0.884363728881621,noKan
7,1,pUC,1.9499288164656658,1.8597544277876148,89.20798702601202,72.53408381747788,1.2179268899980533,noKan
7,2,pBR322,1.5559774895562033,1.6643140282401945,36.0287108645289,46.20747499826215,0.7576693409839703,noKan
7,2,CloDF,1.994006187149175,2.0442693001179983,98.76401790167056,110.78864381855227,0.8818868229827337,noKan
7,2,pUC,1.9732537729307484,1.913336310617562,94.07847840354991,82.05422755384598,1.1365606863202737,noKan
7,3,pBR322,1.5192539259022217,1.6162584204126549,33.09762990423983,41.3445823263912,0.7760509476243679,noKan
7,3,CloDF,1.9448500277289327,1.986732563473245,88.15858480468656,97.06265968952032,0.898083363654758,noKan
7,3,pUC,1.9430819151224519,1.8466250646875244,87.74684457979741,70.35950623917857,1.235267343586979,noKan
7,4,pBR322,1.7053633350116943,1.6190706854289416,50.778875577767735,41.60024093636863,1.196594984177852,noKan
7,4,CloDF,2.0003093916557186,2.047101016355948,100.2113453236408,111.59395141263299,0.889662628376031,noKan
7,4,pUC,1.9516216135386308,1.8572750006883352,89.47255436759805,72.00055859720847,1.2288570988726246,noKan
7,5,pBR322,1.5328558567200758,1.6207995531208017,34.11320199352164,41.82175172714434,0.7934464794746273,noKan
7,5,CloDF,2.006724610281567,2.0523587454871715,101.6500880813607,112.99427783130102,0.8914916399312149,noKan
7,5,pUC,1.9121794074093355,1.8431735705562684,81.69450256627307,69.6988021309595,1.157999575496692,noKan
8,1,pBR322,1.33315792520079,1.4549226871376038,21.56240418783385,28.620471039057662,0.7214991660274378,noKan
8,1,CloDF,1.753928799860083,1.8290960810319152,56.77056391570506,67.4771302295644,0.8263266383685814,noKan
8,1,pUC,1.600826498317202,1.5388905100464152,39.91600372949441,34.6098126304329,1.125940222925029,noKan
8,2,pBR322,1.2651717028064897,1.3967731622350303,18.434848600715544,24.9477648868174,0.6991401374969088,noKan
8,2,CloDF,1.7049450123999772,1.7907646458619393,50.76253643968891,61.78877087546385,0.8048717901381389,noKan
8,2,pUC,1.465968747307084,1.4335294456549708,29.26102357206102,27.139374242928287,1.0416624859197807,noKan
8,3,pBR322,1.254257324546672,1.3916751597352166,17.985946158781793,24.67684081388811,0.6882322519531129,noKan
8,3,CloDF,1.6690043677535493,1.768256512662579,46.7329274383335,58.72474242612039,0.7786836914396499,noKan
8,3,pUC,1.4902528774775723,1.449340152040578,30.994526002547772,28.328239605592074,1.0644088588277778,noKan
8,4,pBR322,1.5099671717654262,1.5042528904226187,32.40027321885684,31.95842352077234,0.9824401087557884,noKan
8,4,CloDF,1.6501524949521726,1.7590975762404328,44.69588462173604,57.42499131255331,0.7609525161525755,noKan
8,4,pUC,1.3649453886504406,1.3194375763101067,23.179463127542295,20.878207246199814,1.0630625620395326,noKan
8,5,pBR322,1.3276692941929635,1.4787109010296204,21.2724392679019,30.118084205198315,0.6734259866564732,noKan
8,5,CloDF,1.6792527714660463,1.7809660022783642,47.86867617274509,60.45153849303569,0.7750796542444675,noKan
8,5,pUC,1.5979958790860016,1.5836947823218808,39.63198572673988,38.41894324296802,1.0090641393789066,noKan
9,1,pBR322,1.1839392018022223,1.380424546214793,15.28064598307729,24.024868348467503,0.5944425805027876,noKan
9,1,CloDF,1.5425394149758098,1.692657921618648,34.899020720767425,49.31221935387875,0.6876348877666155,noKan
9,1,pUC,1.1510133827278217,1.193431902840549,14.191746667518274,15.62341390163271,0.8433107508031102,noKan
9,2,pBR322,1.211057009944924,1.4298328785339909,16.25945881497355,26.91613823882793,0.5671374208835079,noKan
9,2,CloDF,1.507690880470139,1.6852302548405438,32.207447806661754,48.49444200084201,0.6439584691709318,noKan
9,2,pUC,1.2489434277411096,1.3450441799150832,17.787634745723654,22.16715190952294,0.7564939658967104,noKan
9,3,pBR322,1.152547268074523,1.3588180008801833,14.215315479223655,22.86899678015376,0.5781609976046654,noKan
9,3,CloDF,1.514750521789402,1.7146813696805043,32.73172699626914,51.849411958472366,0.6122395767743664,noKan
9,3,pUC,1.1810785397650518,1.2444623792603908,15.191812040347644,17.569882990365382,0.8072731178915071,noKan
9,4,pBR322,1.3133709180539552,1.3460823525896402,20.585312842652836,22.199303365067035,0.8824701686289634,noKan
9,4,CloDF,1.4841100691388744,1.678059924319334,30.49026731758426,47.665021769044536,0.6188502031989204,noKan
9,4,pUC,1.3270842494325128,1.3987006734762655,21.247624172219812,25.063875102369156,0.8083363100657648,noKan
9,5,pBR322,1.21285457253848,1.443799269581783,16.327491257655776,27.788788047212208,0.5515767227989792,noKan
9,5,CloDF,1.4772308706815631,1.6735566672821902,30.025931053537615,47.16278304006325,0.6154617340517934,noKan
9,5,pUC,1.3850667432212642,1.4547270276639699,24.284989103101847,28.534124976381772,0.8168128942070609,noKan
10,1,pBR322,1.1307473210107355,1.2885770424847973,13.527700969505638,19.49946438120016,0.644350379059722,noKan
10,1,CloDF,1.3464033200123227,1.4500200372226848,22.251343784349967,28.305550375568753,0.7525153314667227,noKan
10,1,pUC,1.0688135190814894,1.0973897828993213,11.816206548369271,12.58367884765246,0.8562465498140538,noKan
10,2,pBR322,1.1850157499894471,1.3519328166901843,15.314463363042613,22.52291700030665,0.6369483737170337,noKan
10,2,CloDF,1.3547710456003337,1.4972935273344954,22.656612952839904,31.470725934523088,0.6886827719545887,noKan
10,2,pUC,1.0066634968104182,1.0849742737139725,10.178589387689406,12.191988487582378,0.7527905504697155,noKan
10,3,pBR322,1.0769603751147891,1.2416656851448042,11.964005988192836,17.51778218865012,0.6271452904765085,noKan
10,3,CloDF,1.364570711118156,1.5476508332978745,23.164025465281792,35.331069739982276,0.6280363960941783,noKan
10,3,pUC,0.8507673231755329,0.879699371063304,7.102049108598547,7.592950275641918,0.8038093668937271,noKan
10,4,pBR322,1.2184077014649872,1.2039365715765538,16.538805160080774,16.0105435811646,0.9717042837630957,noKan
10,4,CloDF,1.3075117393389142,1.4742432564339296,20.345257784835045,29.88840248485623,0.6476195915171176,noKan
10,4,pUC,0.9680995494640733,1.022077946288261,9.354873760136055,10.646061057732284,0.7880006200483574,noKan
10,5,pBR322,1.1330911790521896,1.3165789826133898,13.595478126884403,20.78085849834225,0.6076313095983944,noKan
10,5,CloDF,1.2427773732764218,1.3985754889266222,17.503871658979822,25.074793270530993,0.6588869686943568,noKan
10,5,pUC,1.1084145662546323,1.1687153058622688,12.910112220475767,14.879150033211195,0.8028712702171198,noKan
11,1,pBR322,1.061447592975714,1.2886315116752682,11.522153562476996,19.475082067221575,0.5419139532619505,noKan
11,1,CloDF,1.1909465445852312,1.3635511833311007,15.532616582039225,23.114158040351196,0.6288147359950788,noKan
11,1,pUC,0.7554812783565752,0.8364971441620455,5.732900029318862,6.911644876422268,0.6834768218389172,noKan
11,2,pBR322,1.1094778266352208,1.3732438341497577,12.872964665732956,23.666036103250363,0.5027828489061542,noKan
11,2,CloDF,1.2030136310095088,1.4033600993806676,15.967518640317223,25.33880696846791,0.5911984934680575,noKan
11,2,pUC,0.7350092091442132,0.9131061195400064,5.4661671628300565,8.257194797511572,0.5406308558101448,noKan
11,3,pBR322,1.0162764270771592,1.263011780310467,10.388174665997315,18.34575059361583,0.5122264758319849,noKan
11,3,CloDF,1.1822642377471917,1.4375238708195834,15.226889864000782,27.426081229610205,0.5191734543195253,noKan
11,3,pUC,0.49646206933203363,0.5458422890187961,3.1374452964607795,3.52137763225872,0.6082996514243864,noKan
11,4,pBR322,1.172868801799893,1.2235985008110373,14.893917324781407,16.740634767815557,0.8302880763912307,noKan
11,4,CloDF,1.07816037108,1.309810658697846,11.993123941009307,20.458917108679028,0.537778278343273,noKan
11,4,pUC,0.704970505290693,0.8259662569454956,5.071810443190593,6.703927233679354,0.6075432284684381,noKan
11,5,pBR322,1.0062029085453714,1.2823057767988955,10.15119124524018,19.185623783594128,0.4776063463837746,noKan
11,5,CloDF,0.9973799217704787,1.2166158291518279,9.946846138780304,16.47731431651712,0.5432915623673836,noKan
11,5,pUC,0.7582883111323762,0.8756168197392434,5.737698333754287,7.517552943777539,0.6304152447680501,noKan
12,1,pBR322,1.10936353584249,1.3704122987284995,12.873292628519286,23.480049842804988,0.5057916943823607,noKan
12,1,CloDF,1.1240309955271388,1.3328637751542691,13.311386700132365,21.54121369501807,0.5721757598518363,noKan
12,1,pUC,0.4535639674901437,0.5746564674911584,2.8609549186905103,3.7843364570014395,0.48902695849360933,noKan
12,2,pBR322,1.0789410779158748,1.3611092311266952,11.993782680719642,22.974292807575765,0.4787514405698929,noKan
12,2,CloDF,1.1709976068043335,1.432815068008324,14.832799513370356,27.11607153925287,0.510630751382758,noKan
12,2,pUC,0.45208246869721863,0.6328916830299933,2.8594573873616476,4.33365797099406,0.42577355171918224,noKan
12,3,pBR322,1.107164365906726,1.3969304259723458,12.80746868301508,24.979441332266756,0.4732464616864589,noKan
12,3,CloDF,1.1172012230186186,1.412317643904597,13.103274932813575,25.852618465683857,0.4682459863695429,noKan
12,3,pUC,0.17882005108751245,0.24337276847269237,1.5130290760914056,1.7633401997396547,0.28806646235515704,noKan
12,4,pBR322,1.1537804889089884,1.2525594633461736,14.255746625853986,17.89469040222798,0.7407159393078522,noKan
12,4,CloDF,1.0005167085623534,1.274240852872545,10.014432017641626,18.82383966141126,0.47945385442172744,noKan
12,4,pUC,0.29544204568300264,0.3817698803569915,1.9767523863449965,2.4196647033315495,0.40399080516777275,noKan
12,5,pBR322,1.053726765796127,1.3779491561220147,11.319237920321582,23.928868970080767,0.43257191193337197,noKan
12,5,CloDF,0.8520489502962117,1.0484094806100068,7.128288110564077,11.229218932574868,0.5469097297440094,noKan
12,5,pUC,0.3955227916340798,0.5351873841530045,2.488770608019544,3.4430868765656704,0.433472644802751,noKan
13,1,pBR322,1.4711098411021162,1.7534270068387856,29.59727773455514,56.690579826139555,0.5044126789514605,noKan
13,1,CloDF,1.7925793767226061,2.03605361176987,62.160022277405716,108.79024803796095,0.5624725758904198,noKan
13,1,pUC,1.7666186214399546,1.8476110252701652,58.51762288897362,70.55621812694125,0.8158908026963906,noKan
13,2,pBR322,1.4270930026056943,1.7334503846772034,26.77599450617653,54.21610171116166,0.4755221915733625,noKan
13,2,CloDF,1.7757509575668802,2.0486621950751394,59.74745091489657,111.87034080959062,0.5255500312049358,noKan
13,2,pUC,1.7664600211054509,1.8383889514526153,58.50851208154857,68.94517611921958,0.834001517906747,noKan
13,3,pBR322,1.4337743246125472,1.7311160199606437,27.158329324468436,53.860655421089,0.4857033937611066,noKan
13,3,CloDF,1.7749348251686563,2.0956934475770397,59.65113435205556,124.65860620977367,0.47079952158675376,noKan
13,3,pUC,1.8024956894247068,1.8983644245729374,63.52684045667453,79.23788243677784,0.7924980572555665,noKan
13,4,pBR322,1.537971042056671,1.6592569987140642,34.52291156831428,45.65090437200477,0.7349895759092783,noKan
13,4,CloDF,1.7433439719340529,2.0565257353596134,55.40564287497287,113.98018860422603,0.47828593683957116,noKan
13,4,pUC,1.848673219309214,1.9582700406096452,70.67809815618985,90.95195842046259,0.7660272265483594,noKan
13,5,pBR322,1.4341924365788354,1.7478195871305793,27.18155041516928,55.9743364682764,0.4678478646054582,noKan
13,5,CloDF,1.785867692676696,2.10633637819817,61.24640311345539,127.77727200391847,0.4712295200258991,noKan
13,5,pUC,1.8158815865082543,1.892860607566872,65.52202802647672,78.15805474301479,0.8264400846624113,noKan
14,1,pBR322,1.4337337986197427,1.5770187430544311,27.15886869524745,37.85427187673654,0.6932867458978406,noKan
14,1,CloDF,1.6561616648169555,1.7574589990183778,45.502288154418245,57.2842836365629,0.7755961635001861,noKan
14,1,pUC,1.6986578146846745,1.6807463478339015,50.06620272327557,48.0345492192028,1.0215348073239576,noKan
14,2,pBR322,1.3919415989198705,1.580054901396509,24.702681086322656,38.198228856681496,0.6230815845338752,noKan
14,2,CloDF,1.7065349014232767,1.856615658793344,50.91705102180734,71.89242966760935,0.6945100849618258,noKan
14,2,pUC,1.7679921408493895,1.7402136276669633,58.67110102871297,55.03116439676851,1.0478726754353227,noKan
14,3,pBR322,1.3976203328918952,1.5551207723367497,24.98297613893821,35.9356501185764,0.6683973369059747,noKan
14,3,CloDF,1.655327976427037,1.8611092465941461,45.251823482650956,72.638934741954,0.6093502372893376,noKan
14,3,pUC,1.7471568485303102,1.7418427669088148,55.91960897198333,55.51109356846721,0.9970669661121253,noKan
14,4,pBR322,1.4792307672763505,1.4726087854524161,30.14981979995146,29.698782317931602,0.9823472842460822,noKan
14,4,CloDF,1.673444784716155,1.8456689796569332,47.151402753812626,70.18600937294565,0.6593701179440642,noKan
14,4,pUC,1.657012295846074,1.633676007358102,45.405303979702516,43.0602663870855,1.0322580406792519,noKan
14,5,pBR322,1.3174501477593947,1.5090825625895936,20.78999685275873,32.33312188885078,0.6125466191232178,noKan
14,5,CloDF,1.6671661948311318,1.8576042408066682,46.537594502363184,72.06962024023227,0.6314320017183771,noKan
14,5,pUC,1.7746522567589158,1.7465407428523285,59.56710297917919,55.82394797553766,1.0497670591777504,noKan
15,1,pBR322,1.4624741914252686,1.7438441661880042,29.073060793959502,55.46339741797391,0.5055618927229909,noKan
15,1,CloDF,1.5704654651580396,1.7857733712543213,37.23058534099135,61.12470548866114,0.5927579766465094,noKan
15,1,pUC,1.4893680192768517,1.586761151338507,30.90040094669533,38.66764254296553,0.7734888825798375,noKan
15,2,pBR322,1.4179889279804483,1.7432822432829125,26.197716586506036,55.3923244172563,0.45506113310540347,noKan
15,2,CloDF,1.5705989959896758,1.8582165008082556,37.243182491494984,72.22107422266693,0.5021931238025138,noKan
15,2,pUC,1.4851462898433425,1.580361923508108,30.56337372729668,38.07101606327874,0.7770088706166799,noKan
15,3,pBR322,1.2923542177096377,1.5612833708895273,19.63317593282466,36.48968325260179,0.5108879531404523,noKan
15,3,CloDF,1.563241950073701,1.918781623387375,36.581196927253934,82.94677288312975,0.42898656311662137,noKan
15,3,pUC,1.5177490179015714,1.6284752582733015,33.013498241008,42.598537032030144,0.7517026151574965,noKan
15,4,pBR322,1.509585080702922,1.6338385944423959,32.350764604091204,43.0646799692801,0.728216665562667,noKan
15,4,CloDF,1.5623156235697906,1.883072311341085,36.53593509444739,76.44005064735597,0.464772769849006,noKan
15,4,pUC,1.5385265900905563,1.628612414691214,34.57771051428071,42.53104814691671,0.7896847557627725,noKan
15,5,pBR322,1.3334379883425473,1.6776882671263278,21.55979477970548,47.65418122536577,0.43217554135430775,noKan
15,5,CloDF,1.50100286724056,1.8394645338164262,31.75572216565624,69.12582721086737,0.44450526911515204,noKan
15,5,pUC,1.5984017772915136,1.7091408205545973,39.6792096783614,51.18563725847508,0.7556850883765335,noKan
16,1,pBR322,1.31101213157034,1.4744245847843886,20.47563688609814,29.81874174857054,0.6529499764429487,noKan
16,1,CloDF,1.478554050508355,1.6021956944668283,30.151600046800734,40.01839138273761,0.7281815052595982,noKan
16,1,pUC,1.3583342645918484,1.3472028693412588,22.830521088070427,22.245982719792412,0.9813710228260389,noKan
16,2,pBR322,1.4052641810569595,1.620243172306841,25.427277616190498,41.75034264259932,0.5859348946457382,noKan
16,2,CloDF,1.4519311896094764,1.6543315208953402,28.3505880286273,45.161192590205154,0.6059201396525928,noKan
16,2,pUC,1.4057142245819423,1.4012110896057204,25.45290705922886,25.196094416401497,0.970849238405214,noKan
16,3,pBR322,1.322567774488705,1.5116907085071167,21.017567884655026,32.4933201839625,0.616378300075959,noKan
16,3,CloDF,1.4481371048953706,1.70513777900986,28.079315661967385,50.728076457051486,0.5338589704696549,noKan
16,3,pUC,1.335361499280368,1.348633386648573,21.6752766930515,22.351304944423358,0.9253500908052906,noKan
16,4,pBR322,1.4427326269852008,1.4506144592295571,27.716855424341286,28.230222242431438,0.9467561848671018,noKan
16,4,CloDF,1.4347171315794884,1.6705663702318196,27.258008276648823,46.86899965200357,0.559843049120625,noKan
16,4,pUC,1.355875345642998,1.3725329452128874,22.700800044547176,23.579833829785773,0.9202464870618915,noKan
16,5,pBR322,1.2628560327491374,1.5118763027966364,18.327148974030706,32.50881212182329,0.5329536173675418,noKan
16,5,CloDF,1.3288471624953888,1.6033259605746026,21.336267528431893,40.147749941767756,0.507098482685694,noKan
16,5,pUC,1.3699390475579023,1.3811548396388351,23.45196797540457,24.081640361977836,0.9336451776470448,noKan
17,1,pBR322,1.2520873074522036,1.4059948804056968,17.899124386162068,25.497525500554882,0.6623541096121491,noKan
17,1,CloDF,1.394007985447353,1.4982548008264844,24.803477514272213,31.56051093329923,0.7549608914369567,noKan
17,1,pUC,1.1743113728991104,1.1412143017729182,15.01673217152907,13.875053938136459,1.0075207385747138,noKan
17,2,pBR322,1.3353838476882387,1.5298656309133019,21.670403773267214,33.93251216947185,0.6097800623676229,noKan
17,2,CloDF,1.4269852027252814,1.6169159051815145,26.781851582220316,41.44157825338477,0.621747033211372,noKan
17,2,pUC,1.1085714642465934,1.0998265297233254,12.912820252840175,12.678814187762327,0.9404870437718819,noKan
17,3,pBR322,1.3344392630213207,1.5177291388596714,21.635867645683643,32.97087056841067,0.6254565315873221,noKan
17,3,CloDF,1.3618700897740155,1.6241572705487577,23.026304306747807,42.09465538954921,0.5232555408785168,noKan
17,3,pUC,1.024947469253039,0.9995999358574778,10.605925637869987,10.012103215856945,0.9605151290758597,noKan
17,4,pBR322,1.3990143781286155,1.401025343359832,25.065728071535812,25.19487838685144,0.955920135579308,noKan
17,4,CloDF,1.3600596963347338,1.586679754750709,22.922890900091037,38.66881817575706,0.5677162712735354,noKan
17,4,pUC,0.9405899965205196,0.9107574709872398,8.725817648364893,8.151237601917016,0.9483713207950125,noKan
17,5,pBR322,1.2687478096592686,1.5004886912157673,18.58543259459206,31.697063740986952,0.5549259075187577,noKan
17,5,CloDF,1.377769141118428,1.6129109309530199,23.873614166320085,41.02303557166973,0.5576131778473644,noKan
17,5,pUC,1.1477382387272168,1.1415391476724928,14.06072895573495,13.860131840932112,0.9430282758304852,noKan
18,1,pBR322,1.269857885021431,1.3407124750561599,18.624910901298595,21.939713793805083,0.8039483592757323,noKan
18,1,CloDF,1.3170888613663547,1.3501095295821421,20.789036286395422,22.407129295243802,0.8823972768764144,noKan
18,1,pUC,0.9437592629589305,0.8547640517266246,8.787441784217398,7.158784227901363,1.0877350771885845,noKan
18,2,pBR322,1.228759917796469,1.3585013059944024,16.934614448003625,22.83029547967915,0.6980304397476278,noKan
18,2,CloDF,1.302219864333057,1.4155178554171703,20.07072535422202,26.037616891748105,0.7328659245128287,noKan
18,2,pUC,0.9470509793720739,0.8576432476964815,8.854754089836192,7.2085665846905345,1.089968187324225,noKan
18,3,pBR322,1.2642412382183272,1.3749536631011512,18.389260143482026,23.731404498365304,0.7328159976131611,noKan
18,3,CloDF,1.2522598967030192,1.4468245567526237,17.90423692707186,27.98832095768324,0.6035549006473433,noKan
18,3,pUC,1.0202696145333972,0.9427961168813187,10.478271024172583,8.767400949510744,1.0813077845074004,noKan
18,4,pBR322,1.3345040693452301,1.2762919113921571,21.603224297569522,18.89844331116195,1.090987582395296,noKan
18,4,CloDF,1.2542387904061099,1.4215371779887622,18.00047161021341,26.406702426968177,0.6430295571112578,noKan
18,4,pUC,0.9646585095431672,0.902665374128936,9.224769727090512,7.993596203921352,1.0284854349885573,noKan
18,5,pBR322,1.1666021696877984,1.3577209538059896,14.68179082068623,22.793530655831848,0.6002488070460114,noKan
18,5,CloDF,1.079639246566446,1.2674873833813165,12.033261375802502,18.525914958608233,0.5959437105259882,noKan
18,5,pUC,0.8125369733727807,0.724994980698998,6.506423728031689,5.310589486008774,1.0361663139997985,noKan
19,1,pBR322,1.1073381862834848,1.186506321732294,12.813805786900312,15.37373593137805,0.7683388939271577,noKan
19,1,CloDF,1.0963580164171123,1.1530491897497916,12.501936519615592,14.22971611273161,0.8076653987544077,noKan
19,1,pUC,0.5054450471072962,0.42258286056997,3.2097576699262116,2.6493098560116537,0.8320716344350378,noKan
19,2,pBR322,1.0717175720326473,1.208253667710171,11.79728454153688,16.15772902479387,0.6683582611926879,noKan
19,2,CloDF,1.0642311081869316,1.1942338081779553,11.621463297345736,15.661061404899407,0.6775351461400918,noKan
19,2,pUC,0.42491360231927966,0.32698783939152104,2.662468241062855,2.128045726698246,0.7813026633692393,noKan
19,3,pBR322,0.970452363428763,1.0990633861737713,9.350120864318912,12.568055069909024,0.664337794169792,noKan
19,3,CloDF,1.0004437912486908,1.2114084809360013,10.027236126746212,16.27457904356178,0.5543855535591777,noKan
19,3,pUC,0.5425543778409038,0.45806894506341406,3.4888138062074674,2.87133579367218,0.8666301736752557,noKan
19,4,pBR322,1.2563910629684396,1.215191807649141,18.056135952113898,16.415108373290376,1.0388570257031693,noKan
19,4,CloDF,1.026691645311694,1.2017840708234744,10.646674364421463,15.915902268907173,0.6058572405173325,noKan
19,4,pUC,0.4512263305636586,0.44105326795533667,2.9436614470780493,2.7609822927181504,0.703923933771499,noKan
19,5,pBR322,1.0208917724909594,1.2229671967776574,10.495865201558521,16.712353184356306,0.5681138837697554,noKan
19,5,CloDF,0.8371446888010844,0.9994271345078469,6.876680713718471,9.988918604346553,0.5888285196018541,noKan
19,5,pUC,0.41528884227890356,0.2939670771329875,2.605291544222531,1.9684614234475555,0.8143948880404875,noKan
20,1,pBR322,1.4198018421288092,1.5413556157102128,26.296219846690665,34.79632754258505,0.727145834916357,noKan
20,1,CloDF,1.539570137991669,1.6353675351071526,34.76709732324685,43.243926764389506,0.7796549651752981,noKan
20,1,pUC,1.6775619412137301,1.6409440787391283,47.64307161424458,43.76970467519357,1.0653092220251492,noKan
20,2,pBR322,1.3557838457505096,1.5219015765673323,22.726198740790327,33.30727485310654,0.6523152264741666,noKan
20,2,CloDF,1.627594837070555,1.8040699858384832,42.505579025233466,63.7660594994289,0.6512148095795806,noKan
20,2,pUC,1.7872720230659274,1.7384548986937907,61.362884790109945,54.78884177550676,1.1010495159086295,noKan
20,3,pBR322,1.3868543446772865,1.5231752154108087,24.372427677447423,33.359704435825876,0.7008444958983236,noKan
20,3,CloDF,1.5834473931609336,1.8249381944546643,38.43921157194563,66.9023467517756,0.5590840492248489,noKan
20,3,pUC,1.7955806046936915,1.7695476265214882,62.53717162968287,58.85159029154142,1.0450228040614322,noKan
20,4,pBR322,1.3841132230878979,1.3643465108836448,24.221519830259822,23.154577682266552,1.0035160389408093,noKan
20,4,CloDF,1.5807073135830354,1.7850711927803855,38.098214750651785,60.970585851034144,0.6086978764350847,noKan
20,4,pUC,1.6393611211269354,1.62018076122056,43.61125388027809,41.71680241120173,1.0216943916838044,noKan
20,5,pBR322,1.26419880477102,1.4847235037735296,18.38745927969256,30.544546396658067,0.5692896642952759,noKan
20,5,CloDF,1.5327574974127478,1.7623076461205578,34.12201904687492,57.85901061191051,0.5726855239187097,noKan
20,5,pUC,1.6590459479268231,1.6420425305264772,45.718729233878825,43.87117736846108,1.0183216930379435,noKan
21,1,pBR322,1.3758376398073506,1.4224223451762503,23.799141222001165,26.516488686087822,0.8608238778392686,noKan
21,1,CloDF,1.5676242690890503,1.5967017113239734,37.08011028338837,39.563528199663914,0.9106159192164726,noKan
21,1,pUC,1.718939232401258,1.6177482137172416,52.37826521070341,41.523884409047675,1.2388552746272656,noKan
21,2,pBR322,1.332771242579514,1.4291466540527427,21.527918781433424,26.869503817699073,0.7638213342363246,noKan
21,2,CloDF,1.6553409978263753,1.763708916355779,45.400339230103434,58.0885029938485,0.7634207907978475,noKan
21,2,pUC,1.690650914849247,1.5872381989272741,49.06648918752895,38.70870842693184,1.2437421543622713,noKan
21,3,pBR322,1.3598179917751452,1.4067028933438348,22.914098704624944,25.541091130246556,0.8588206675829468,noKan
21,3,CloDF,1.6665399661044296,1.7992129333771814,46.544790286479376,63.06026017096323,0.7245032487926539,noKan
21,3,pUC,1.6420360071492406,1.5589270786012197,43.8617012911306,36.258260446353184,1.1843436338878117,noKan
21,4,pBR322,1.399086701389619,1.2925300988926247,25.08180380093523,19.61401391772325,1.2275274777062728,noKan
21,4,CloDF,1.58426446853819,1.7198377501551463,38.46791751930424,52.511178773192505,0.7145897072705826,noKan
21,4,pUC,1.5686858795529657,1.4719673530438426,37.051523187291046,29.68669672494232,1.2165713247680876,noKan
21,5,pBR322,1.2902998465256181,1.4411486572162653,19.513624931920923,27.621481647354997,0.6706734066536124,noKan
21,5,CloDF,1.5271395420436733,1.7135198107930496,33.66909503999847,51.72291122309925,0.6317946565600181,noKan
21,5,pUC,1.6140511155283157,1.5242605176534587,41.1392464790293,33.45898923290267,1.2009055552220516,noKan
